overall,year,player_0,pos,college,weight_0,forty,vertical,bench,broad,threecone,shuttle,Height,side,team_1,pos_rk,grade
81,0.352941176,0.335289187,0.238095238,0.032894737,0.946637427,0.998706532,0.982783357,0.977099237,0.965095986,0.998650847,0.998994585,0.902439024,0,0.333333333,0.961247637,0.960837887
-999,0.176470588,0.759262364,0.571428571,0.664473684,0.963450292,0.999810955,0.978957437,0.974236641,0.95113438,0.999662712,0.999452497,0.93902439,1,1,0,0
77,0.294117647,0.053981559,0,0.013157895,0.956140351,0.99919407,0.982305117,0.97519084,0.968586387,0.998928614,0.99948236,0.914634146,0.333333333,0.333333333,0.948015123,0.974499089
84,0.411764706,0.684492875,0.666666667,0.9375,0.909356725,0.998706532,0.985174558,0.974236641,0.967713787,0.998115154,0.998895039,0.890243902,0,0.888888889,0.945179584,0.984517304
-999,0.176470588,0.237049455,0.952380952,0.069078947,0.918128655,0.998895577,0.984218077,0.985687023,0.968586387,0.998045712,0.998875129,0.914634146,1,1,0,0
-999,0.647058824,0.15255658,0.142857143,0.845394737,0.926900585,0.998845829,0,0.974236641,0,0,0,0.93902439,1,1,0.963137996,0.949908925
-999,0.705882353,0.245096396,0.238095238,0.351973684,0.957602339,0.999273668,0.983261597,0,0.958987784,0.998730209,0.999074222,0.926829268,1,1,0.964083176,0.960837887
-999,1,0.414417435,0.952380952,0.555921053,0.910818713,0.998557286,0.985652798,0.96851145,0.97556719,0.997837387,0.998765629,0.914634146,1,1,0,0
94,0.823529412,0.024308466,0.714285714,0.335526316,0.953216374,0.999343316,0.980870397,0.976145038,0.956369983,0.999007976,0.999283268,0.951219512,0.333333333,0.888888889,0.958412098,0.963570128
-999,0.058823529,0.392455993,0.714285714,0.565789474,0.948830409,0.999373166,0.981348637,0.969465649,0.958115183,0.999117099,0.999024449,0.951219512,1,1,0.965973535,0.938979964
131,0.823529412,0.568147527,0.857142857,0.039473684,0.896929825,0.998417989,0.987565758,0.967557252,0.978184991,0.997886989,0.998795493,0.890243902,0.333333333,0.527777778,0.95463138,0.971766849
-999,0.235294118,0.495892707,0.952380952,0.651315789,0.915935673,0.99880603,0,0.974236641,0,0,0,0.951219512,1,1,0,0
-999,0.529411765,0.244928751,1,0.720394737,0.861111111,0.998557286,0.986131038,0.958969466,0.966841187,0,0.998974675,0.841463415,1,1,0,0
-999,0.529411765,0.334283319,0.80952381,0.259868421,0.903508772,0.998607034,0.988043998,0,0.97469459,0.998055633,0.998656128,0.93902439,1,1,0,0
-999,0.235294118,0.924056999,0.142857143,0.819078947,0.935672515,0.998736381,0,0,0,0,0,0.914634146,1,1,0,0
207,0.588235294,0.690192791,0,0.088815789,0.953947368,0.999293567,0.980392157,0.97519084,0.961605585,0.998571485,0.998904993,0.914634146,0.333333333,0.25,0.95557656,0.93715847
71,0.941176471,0.560268231,0.19047619,0.848684211,0.944444444,0.99878613,0,0.982824427,0,0.99834332,0,0.914634146,0,0.055555556,0.948015123,0.988160291
173,0,0.972338642,0.047619048,0.506578947,0.865497076,0.998417989,0.988522238,0.963740458,0.972076789,0.998025872,0.998506809,0.853658537,0,0.361111111,0.973534972,0.945355191
92,0.058823529,0.970159262,0.142857143,0.391447368,0.925438596,0.99879608,0.989000478,0.977099237,0.978184991,0.998214357,0.99885522,0.87804878,0,0.361111111,0.960302457,0.960837887
104,0.176470588,0.464207879,0.142857143,0.555921053,0.930555556,0.998875678,0.988043998,0.978053435,0.97469459,0.998164755,0.998795493,0.93902439,0,0.805555556,0.957466919,0.971766849
191,0.764705882,0.988097234,0.904761905,0.430921053,0.874269006,0.998497587,0.987565758,0.971374046,0.978184991,0.997698504,0.998576491,0.865853659,0,0.222222222,0.974480151,0.93715847
21,0.235294118,0.840067058,0.714285714,0.901315789,0.956140351,0.999452764,0,0.979961832,0,0,0,0.93902439,0.333333333,0.027777778,0.949905482,0.987249545
-999,0.705882353,0.966135792,0.80952381,0.664473684,0.876461988,0.99878613,0.983739837,0,0.971204188,0.997797706,0.998646173,0.865853659,1,1,0,0
174,0.294117647,0.922380553,0.80952381,0.276315789,0.891081871,0.998825929,0.982783357,0,0.964223386,0.997906829,0.998815402,0.93902439,0.333333333,0.25,0.952741021,0.952641166
159,0.764705882,0.480637049,0.571428571,0.848684211,0.972953216,0.99917417,0,0.985687023,0,0,0,0.926829268,0.333333333,0.055555556,0.950850662,0.972677596
33,0.647058824,0.624476111,0.904761905,0.013157895,0.896929825,0.998487637,0.989000478,0,0.976439791,0.99835324,0.998775583,0.87804878,0,0.638888889,0.945179584,0.989981785
-999,0.176470588,0.664878458,0.904761905,0.358552632,0.877192982,0.998547336,0.987087518,0.967557252,0,0.998283798,0.999163813,0.87804878,1,1,0,0
-999,0.058823529,0.189438391,0.142857143,0.483552632,0.926169591,0.998905527,0.985652798,0.979961832,0,0,0,0.914634146,1,1,0.972589792,0.93989071
147,0.705882353,0.782564962,0.238095238,0.450657895,0.942982456,0.998905527,0.983261597,0.976145038,0,0.998918694,0.998815402,0.926829268,0,0.833333333,0.963137996,0.961748634
183,0.647058824,0.902095557,0.571428571,0.819078947,0.988304094,0.999502512,0.983739837,0,0,0,0.999213586,0.951219512,0.333333333,0.138888889,0.971644612,0.938979964
126,0.705882353,0.284492875,1,0.243421053,0.878654971,0.998547336,0.988522238,0,0.979057592,0.997748105,0.998636219,0.890243902,0.333333333,0.416666667,0.980151229,0.949908925
-999,0.294117647,0.220620285,0.047619048,0.914473684,0.870614035,0.998517487,0.993304639,0.969465649,0.97469459,0.997986191,0.99872581,0.87804878,0,1,0,0
-999,0.882352941,0.194132439,1,0.868421053,0.880116959,0.998527436,0.992348159,0.971374046,0.97556719,0.997847308,0.998476945,0.890243902,1,1,0.985822306,0.942622951
-999,1,0.146186085,0.19047619,0.930921053,0.930555556,0.998597085,0.988043998,0.972328244,0.978184991,0.998105234,0.998695946,0.914634146,1,1,0,0
72,0.823529412,0.735456832,0.238095238,0.266447368,0.960526316,0.999044824,0.985174558,0,0.969458988,0.998472283,0.998974675,0.93902439,0,0.666666667,0.949905482,0.982695811
-999,0.117647059,0.263034367,0.761904762,0.118421053,0.883040936,0.998696582,0,0,0,0,0,0.93902439,1,1,0,0
240,0.117647059,0.152053646,0.857142857,0.924342105,0.89619883,0.998577185,0.984696318,0.970419847,0.964223386,0.998045712,0.998666083,0.890243902,0.333333333,0.75,0.962192817,0.945355191
22,0.941176471,0.559430008,1,0.398026316,0.877923977,0.99838814,0.991391679,0,0.981675393,0,0,0.890243902,0.333333333,0.555555556,0.948015123,0.992714026
39,0.058823529,0.669404862,1,0.651315789,0.877192982,0.998328441,0.993304639,0,0.983420593,0.99793659,0.998427172,0.890243902,0.333333333,0.138888889,0.957466919,0.97723133
214,0,0.522212909,1,0.292763158,0.872076023,0.998736381,0.986609278,0,0.971204188,0,0.998795493,0.853658537,0.333333333,0.083333333,0.992438563,0.93715847
-999,0.470588235,0.701424979,0.047619048,0.381578947,0.872076023,0.998477688,0.987087518,0.966603053,0.972949389,0,0,0.87804878,1,1,0,0
-999,0.529411765,0.719027661,0.666666667,0.986842105,0.901315789,0.998706532,0,0,0,0,0,0.890243902,1,1,0,0
-999,0.176470588,0.545515507,0.80952381,0.532894737,0.903508772,0.999074673,0.982783357,0,0.965095986,0.998224277,0.999203631,0.926829268,1,1,0,0
157,0.235294118,0.8248114,0.571428571,0.671052632,0.953947368,0.999243819,0.979435677,0.978053435,0,0,0,0.926829268,0.333333333,0.861111111,0.948960302,0.972677596
17,0.117647059,0.153562448,0.666666667,0.358552632,0.907163743,0.998716482,0.987565758,0.96851145,0.97382199,0.997976271,0.998666083,0.902439024,0,0.555555556,0.947069943,0.996357013
117,0.294117647,0.615926236,0.142857143,0.901315789,0.929093567,0.998716482,0.984696318,0.974236641,0.963350785,0.99837308,0.998914948,0.93902439,0,0.888888889,0.956521739,0.967213115
229,0.352941176,0.352724225,0,0.572368421,0.962719298,0.999502512,0.979435677,0.971374046,0.953752182,0.999206381,0.999432587,0.951219512,0.333333333,0.972222222,0.968809074,0.93715847
87,1,0.587426655,0.619047619,0.345394737,0.953216374,0.998845829,0.989478718,0.977099237,0.97556719,0.99875997,0.99911404,0.890243902,0.333333333,0.75,0.956521739,0.962659381
-999,0.764705882,0.392623638,0.380952381,0.069078947,0.91374269,0,0.987087518,0.97519084,0.97469459,0.997976271,0.998765629,0.902439024,1,1,0.959357278,0.946265938
-999,0.058823529,0.375523889,0.904761905,0.588815789,0.886695906,0.99839809,0.99952176,0.969465649,0.987783595,0,0,0.87804878,0,1,0.957466919,0.965391621
135,0.588235294,0.923386421,0.80952381,0.684210526,0.896929825,0.998925427,0.981348637,0,0.963350785,0.998303639,0.998805447,0.926829268,0.333333333,0.333333333,0.949905482,0.978142077
-999,0.823529412,0.11751886,0.714285714,0.055921053,0.942982456,0,0,0,0,0,0,0.951219512,1,1,0.967863894,0.940801457
72,0.588235294,0.846269908,0.142857143,0.671052632,0.929824561,0.99879608,0.985652798,0.976145038,0.965968586,0.998164755,0.998735765,0.914634146,0,0.555555556,0.948960302,0.982695811
-999,0.647058824,0.873093043,0.761904762,0.075657895,0.89619883,0.999014974,0,0,0,0,0,0.926829268,1,1,0,0
213,0.882352941,0.317015926,0.904761905,0.848684211,0.875730994,0,0.989956958,0.970419847,0.982547993,0,0,0.87804878,0,0.222222222,0.965028355,0.955373406
-999,0.058823529,0.009723386,0.761904762,0.476973684,0.891812865,0,0,0,0,0,0,0.926829268,1,1,0,0
-999,0.529411765,0.176026823,0.238095238,0.101973684,0.951023392,0.999283618,0,0.981870229,0,0.998313559,0.998885084,0.87804878,0,1,0,0
-999,1,0.465213747,1,0.644736842,0.854532164,0.998726432,0.984696318,0.960877863,0.966841187,0.99834332,0.998944812,0.829268293,1,1,0,0
-999,0.294117647,0.374350377,0.714285714,0.677631579,0.956140351,0.998945326,0.979435677,0.978053435,0.954624782,0.999017896,0.99924345,0.93902439,1,1,0.95463138,0.973588342
213,0.058823529,0.290695725,0.80952381,0.671052632,0.907163743,0.998985125,0.983261597,0,0.961605585,0.998640927,0.999064267,0.951219512,0.333333333,0.055555556,0.950850662,0.976320583
-999,0.882352941,0.071248952,0.476190476,0.25,0.901315789,0,0,0.96851145,0,0,0,0.890243902,1,1,0.967863894,0.940801457
-999,0.352941176,0.471751886,0.238095238,0.282894737,0.95248538,0.998925427,0.984218077,0.995229008,0.959860384,0,0.999123995,0.890243902,0,1,0,0
128,0.235294118,0.575859179,1,0.391447368,0.877192982,0.99839809,0.992348159,0.96278626,0.980802792,0.997748105,0.998646173,0.87804878,0.333333333,0.861111111,0.958412098,0.969945355
40,0.176470588,0.501927913,0.80952381,0.069078947,0.887426901,0.998706532,0.983739837,0,0.968586387,0.997787786,0.99861631,0.902439024,0.333333333,0.527777778,0.948015123,0.988160291
198,0.647058824,0.786253143,0.952380952,0.901315789,0.913011696,0.99878613,0,0.972328244,0,0,0,0.926829268,0.333333333,0.194444444,0.956521739,0.948087432
42,0.529411765,0.700419111,0.714285714,0.259868421,0.956871345,0.999243819,0.978957437,0,0.961605585,0.999275822,0.999452497,0.93902439,0.333333333,0.694444444,0.949905482,0.990892532
31,0.647058824,0.881139983,0.380952381,0.171052632,0.907894737,0.998517487,0.990913439,0.97519084,0.978184991,0.998045712,0.998476945,0.914634146,0,0.611111111,0.947069943,0.985428051
33,0,0.572003353,0.666666667,0.0625,0.91374269,0.998537386,0,0,0,0,0,0.914634146,0,0,0.946124764,0.991803279
74,0.588235294,0.46387259,0.238095238,0.815789474,0.953947368,0.999014974,0.987565758,0.978053435,0.964223386,0.998888933,0.999223541,0.914634146,0,0.638888889,0.963137996,0.953551913
-999,0.117647059,0.872422464,0.380952381,0.894736842,0.907163743,0.998646833,0.992826399,0,0.972949389,0.997787786,0.998516764,0.914634146,1,1,0,0
171,0.294117647,0.731601006,0.80952381,0.072368421,0.895467836,0.998905527,0.980870397,0,0.958115183,0,0,0.914634146,0.333333333,0.805555556,0.951795841,0.956284153
78,0.882352941,0.703772003,0.619047619,0.986842105,0.956140351,0.99918412,0.982305117,0.973282443,0.963350785,0.998849252,0.999253404,0.93902439,0.333333333,0.527777778,0.949905482,0.976320583
118,0.176470588,0.838222967,1,0.473684211,0.861111111,0.998427939,0.989000478,0,0.979057592,0.997688584,0.998656128,0.841463415,0.333333333,0.111111111,0.968809074,0.951730419
193,0.294117647,0.692036882,0.571428571,0.555921053,0.96125731,0.999213969,0.988043998,0,0.967713787,0.998829412,0.999303178,0.93902439,0.333333333,0.666666667,0.9536862,0.956284153
203,0.176470588,0.24341995,0.904761905,0.440789474,0.889619883,0.998537386,0.992826399,0.965648855,0.986910995,0.998105234,0.998885084,0.914634146,0,0.027777778,0.959357278,0.952641166
-999,0.294117647,0.843587594,0.238095238,0.177631579,0.970760234,0.999074673,0.982305117,0.979007634,0.966841187,0.998859172,0.999412678,0.926829268,1,1,0,0
-999,0.294117647,0.048449288,0.380952381,0.118421053,0.900584795,0.998646833,0,0.979961832,0.972949389,0,0,0.902439024,1,1,0,0
183,0.588235294,0.261190277,0.80952381,0.753289474,0.885233918,0.998945326,0.982305117,0,0.961605585,0.998521884,0.998944812,0.902439024,0.333333333,0.138888889,0.951795841,0.967213115
-999,0.529411765,0.694216262,0.857142857,0.819078947,0.891812865,0.998507537,0.989478718,0.969465649,0.97469459,0,0,0.87804878,1,1,0,0
-999,0.411764706,0.803185247,0.142857143,0.032894737,0.916666667,0.998835879,0.985652798,0.978053435,0.964223386,0.998224277,0.998765629,0.926829268,0,1,0,0
-999,0.705882353,0.351047779,0.666666667,0.651315789,0.89619883,0.998756281,0.984218077,0.97519084,0.972949389,0.998273878,0.998904993,0.865853659,1,1,0.962192817,0.952641166
44,0.176470588,0.868063705,1,0.769736842,0.876461988,0.998467738,0.993304639,0,0.97556719,0.998065553,0.998785538,0.914634146,0.333333333,0.555555556,0.951795841,0.987249545
89,0.294117647,0.446940486,0.952380952,0.769736842,0.910087719,0.998447838,0.994739359,0.97519084,0.979057592,0,0,0.93902439,0.333333333,0.916666667,0.948015123,0.985428051
-999,0.176470588,0.449119866,0.80952381,0.088815789,0.890350877,0.998517487,0.989478718,0,0.968586387,0.997758025,0.998526718,0.902439024,1,1,0.95463138,0.954462659
-999,0.705882353,0.027158424,0.142857143,0.243421053,0.90497076,0.998756281,0.988522238,0,0.983420593,0.997986191,0.998447081,0.951219512,0,1,0,0
227,0.235294118,0.769991618,0.333333333,0.046052632,0.905701754,0.998597085,0.984696318,0.978053435,0.97382199,0.998125074,0,0.890243902,0.333333333,0.25,0.946124764,0.958105647
-999,0.117647059,0.549538977,1,0.993421053,0.872807018,0.998666733,0.988043998,0,0.976439791,0.997906829,0.998476945,0.890243902,1,1,0,0
-999,0.529411765,0.116680637,0.428571429,0.555921053,0.86622807,0.998845829,0,0,0,0,0,0.87804878,1,1,0,0
109,0.235294118,0.716512992,0.571428571,0.684210526,0.957602339,0.999333366,0.977522716,0.981870229,0.959860384,0.998551645,0.999163813,0.926829268,0.333333333,0.722222222,0.949905482,0.970856102
-999,0.235294118,0.22078793,0.904761905,0.924342105,0.870614035,0.998547336,0.983261597,0.971374046,0.968586387,0.997916749,0.998885084,0.865853659,1,1,0,0
-999,0.823529412,0.609723386,1,0.799342105,0.885233918,0.998517487,0.988043998,0.965648855,0.979057592,0,0,0.890243902,1,1,0,0
58,0.705882353,0.850796312,0.047619048,0.450657895,0.877192982,0.998417989,0.991391679,0.973282443,0.981675393,0.997619142,0.998417217,0.890243902,0,0.75,0.958412098,0.966302368
-999,0.941176471,0.58541492,0.19047619,0.815789474,0.918128655,0.998905527,0.986131038,0,0.971204188,0.998472283,0.999064267,0.914634146,1,1,0,0
-999,0.588235294,0.528080469,0.80952381,0.621710526,0.888888889,0.998716482,0.983739837,0,0.966841187,0.99752986,0.998646173,0.87804878,1,1,0,0
-999,0.529411765,0.877619447,0.571428571,0.453947368,0.959795322,0.999094572,0.982783357,0,0.962478185,0,0.999313132,0.926829268,1,1,0.960302457,0.948998179
-999,0.470588235,0.224308466,0.238095238,0.901315789,0.953947368,0.998925427,0,0,0,0,0,0.914634146,1,1,0,0
74,1,0.083319363,0.095238095,0.5,0.877923977,0.998467738,0.988522238,0.963740458,0.97556719,0.997609222,0.998407263,0.914634146,0,0.944444444,0.95557656,0.978142077
214,0.411764706,0.292204526,0.714285714,0.052631579,0.957602339,0.998955276,0.979913917,0.976145038,0.958987784,0.998730209,0.999442542,0.93902439,0.333333333,0.333333333,0.960302457,0.954462659
-999,0.176470588,0.562615256,0.380952381,0.848684211,0.909356725,0.99880603,0.983739837,0.96851145,0.972076789,0,0,0.914634146,1,1,0,0
-999,0.705882353,0.748030176,0.19047619,0.259868421,0.964181287,0.99919407,0,0,0,0,0,0.890243902,1,1,0.965973535,0.956284153
112,0,0.635540654,0.666666667,0.450657895,0.898391813,0.998447838,0.992826399,0.981870229,0,0,0,0.87804878,0,0.138888889,0.963137996,0.948087432
7,0.058823529,0.950041911,1,0.769736842,0.878654971,0.998278693,0,0,0,0.997966351,0,0.890243902,0.333333333,0.555555556,0.947069943,0.995446266
-999,0,0.778876781,0.571428571,0.069078947,0.958333333,0.999054773,0,0.983778626,0,0,0,0.951219512,1,1,0,0
163,0.529411765,0.528918692,0.714285714,0.430921053,0.96125731,0.999323417,0.982783357,0.972328244,0.959860384,0.999067497,0.999323087,0.93902439,0.333333333,0.138888889,0.957466919,0.961748634
-999,0.764705882,0.086169321,0.952380952,0.756578947,0.915935673,0.998656783,0.983261597,0.97519084,0.97469459,0,0,0.914634146,1,1,0.959357278,0.949908925
152,0.411764706,0.891198659,0.80952381,0.588815789,0.890350877,0.999014974,0.983739837,0,0.962478185,0.99793659,0.998566537,0.914634146,0.333333333,0.333333333,0.95463138,0.951730419
-999,0.882352941,0.382900251,1,0.930921053,0.856725146,0,0,0,0,0,0,0.817073171,1,1,0.974480151,0.952641166
215,0.529411765,0.924224644,0.333333333,0.930921053,0.910087719,0.998835879,0.989000478,0.98759542,0.97556719,0.998244117,0.998865175,0.890243902,0.333333333,0.666666667,0.945179584,0.947176685
-999,0.529411765,0.953897737,0.80952381,0.832236842,0.899853801,0.999005025,0,0,0.958987784,0.998174676,0.998954766,0.951219512,1,1,0.9536862,0.969034608
19,0.176470588,0.705616094,0.904761905,0.845394737,0.877923977,0.998408039,0.989956958,0.96851145,0.976439791,0.997579461,0.998546627,0.87804878,0,0.916666667,0.947069943,0.990892532
145,0,0.73612741,0.142857143,0.924342105,0.915935673,0.998607034,0.987087518,0,0.97469459,0,0.998805447,0.914634146,0,0.75,0.962192817,0.960837887
60,0.588235294,0.609555742,0.142857143,0.516447368,0.929824561,0.998875678,0.985174558,0.974236641,0.971204188,0.997807627,0.998895039,0.926829268,0,0.111111111,0.948015123,0.989071038
-999,0.470588235,0.503436714,0.714285714,0.904605263,0.947368421,0.999233869,0.981348637,0.97519084,0.960732984,0.998551645,0.999034403,0.926829268,1,1,0,0
-999,0.823529412,0.266890193,0.952380952,0.746710526,0.917397661,0.998706532,0.987087518,0.972328244,0.972949389,0.998472283,0.999034403,0.951219512,1,1,0.957466919,0.953551913
-999,0.117647059,0.720704107,1,0.529605263,0.887426901,0.998427939,0.994261119,0.973282443,0.979057592,0.998065553,0.998586446,0.902439024,1,1,0,0
63,0.176470588,0.105280805,0.857142857,0.555921053,0.88377193,0.998497587,0.990913439,0.973282443,0.978184991,0.997976271,0.998586446,0.853658537,0.333333333,0.305555556,0.949905482,0.97996357
217,0.058823529,0.51533948,0.714285714,0.924342105,0.97002924,0.999353266,0,0,0,0,0,0.963414634,0.333333333,0.194444444,0.964083176,0.945355191
237,0.470588235,0.139312657,0.142857143,0.921052632,0.926169591,0.998706532,0.989000478,0,0.963350785,0.998174676,0.998825356,0.914634146,0,0.805555556,0.95557656,0.973588342
226,0.411764706,0.386253143,0.142857143,0.684210526,0.923245614,0.998746331,0,0,0,0,0,0.93902439,0,0.611111111,0.961247637,0.966302368
31,0.529411765,0.93394803,0,0.986842105,0.958333333,0.999532362,0.982783357,0.973282443,0.956369983,0.99877981,0.999203631,0.926829268,0.333333333,0.222222222,0.945179584,0.980874317
171,0.823529412,0.720368818,0.80952381,0.970394737,0.894005848,0.999044824,0.981348637,0,0.955497382,0.99837308,0.998845266,0.93902439,0.333333333,0.222222222,0.952741021,0.971766849
243,0.588235294,0.567979883,0.238095238,0.092105263,0.944444444,0,0,0.98759542,0,0,0,0.914634146,0,0.805555556,0.967863894,0.943533698
-999,0.823529412,0.564459346,0.571428571,0.398026316,0.951754386,0.999293567,0.983739837,0.967557252,0.961605585,0,0,0.926829268,1,1,0.962192817,0.93989071
-999,0.882352941,0.875272422,1,0.555921053,0.877923977,0.998487637,0.992348159,0.966603053,0.980802792,0.997758025,0.998576491,0.87804878,1,1,0,0
129,0.882352941,0.403520536,0.047619048,0.328947368,0.882309942,0.998358291,0.990435198,0,0.987783595,0.997787786,0.998506809,0.902439024,0,0.694444444,0.960302457,0.966302368
38,0.529411765,0.656831517,0.380952381,0.638157895,0.906432749,0.99877618,0.987087518,0,0.970331588,0.998105234,0.998715856,0.890243902,0,0.777777778,0.946124764,0.992714026
-999,0.529411765,0.172673931,0.714285714,0.398026316,0.972222222,0.999034874,0,0.977099237,0,0,0,0.93902439,1,1,0,0
131,0.529411765,0.662699078,0.857142857,0.769736842,0.891812865,0.998607034,0,0,0,0,0,0.865853659,0.333333333,0.805555556,0.952741021,0.971766849
80,0.235294118,0.128415759,0.666666667,0.457236842,0.899122807,0.998696582,0.986609278,0.969465649,0.976439791,0.998194516,0.998845266,0.902439024,0,0.722222222,0.957466919,0.965391621
-999,0,0.343503772,0.80952381,0.381578947,0.872076023,0.998557286,0,0,0,0,0,0.865853659,1,1,0,0
-999,0.647058824,0.295725063,0.238095238,0.828947368,0.959795322,0.998945326,0.980870397,0.981870229,0.964223386,0.998273878,0.998885084,0.926829268,1,1,0.963137996,0.950819672
89,0.176470588,0.007711651,0.904761905,0.924342105,0.893274854,0.998537386,0.989000478,0.96851145,0,0,0,0.926829268,0,0.305555556,0.952741021,0.968123862
182,0.529411765,0.588432523,0.857142857,0.664473684,0.873538012,0.998477688,0.989478718,0.972328244,0.978184991,0.997847308,0.998646173,0.841463415,0.333333333,0.111111111,0.958412098,0.9571949
-999,0.235294118,0.856999162,1,0.203947368,0.880116959,0.998567235,0.983261597,0,0.969458988,0.998095314,0.998924902,0.890243902,1,1,0,0
107,0.529411765,0.121709975,0,0.118421053,0.959795322,0.998945326,0.980870397,0.982824427,0.965968586,0.998283798,0.999183722,0.914634146,0.333333333,0.916666667,0.946124764,0.97996357
65,0.352941176,0.483487008,0.047619048,0.782894737,0.873538012,0.998457788,0.991869919,0.96851145,0.982547993,0.997847308,0.998496854,0.87804878,0,0.861111111,0.950850662,0.981785064
42,0.882352941,0.324224644,0.80952381,0.516447368,0.896929825,0.998646833,0.985174558,0,0.969458988,0.998006032,0.998566537,0.926829268,0.333333333,0.25,0.947069943,0.990892532
28,0.235294118,0.630678961,0.142857143,0.901315789,0.928362573,0.99877618,0.985174558,0.982824427,0.965968586,0.998055633,0.998845266,0.926829268,0,0.833333333,0.948960302,0.989981785
99,0.588235294,0.213411567,0.952380952,0.184210526,0.920321637,0.998845829,0.987565758,0,0.976439791,0.998392921,0.998885084,0.951219512,0.333333333,0.055555556,0.950850662,0.959016393
36,0.352941176,0.305951383,1,0.506578947,0.855994152,0.998487637,0.991391679,0.972328244,0.97469459,0,0.998506809,0.841463415,0.333333333,0.416666667,0.948960302,0.981785064
48,0.647058824,0.288348701,0.380952381,0.470394737,0.902777778,0.998736381,0.986131038,0.979007634,0.970331588,0,0,0.865853659,0,0.777777778,0.946124764,0.989071038
1,0.529411765,0.347694887,0.714285714,0.134868421,0.953947368,0.999005025,0.982783357,0.979007634,0.972949389,0.998561565,0.998885084,0.963414634,0.333333333,0.416666667,0.946124764,0.99726776
-999,0.764705882,0.230176027,0.571428571,0.901315789,0.974415205,0.999791055,0.978957437,0,0.955497382,0.999474227,0.999820817,0.914634146,1,1,0.952741021,0.960837887
-999,0.941176471,0.084157586,0.857142857,0.157894737,0.891812865,0.998706532,0.982783357,0.976145038,0.969458988,0,0,0.829268293,1,1,0,0
-999,0,0.081810562,0.952380952,0.5,0.912280702,0.998756281,0,0,0,0,0,0.951219512,1,1,0,0
-999,0.176470588,0.032355407,0.857142857,0.381578947,0.881578947,0.998447838,0,0.979007634,0.976439791,0,0,0.853658537,1,1,0.962192817,0.948087432
254,0.941176471,0.293713328,0.19047619,0.605263158,0.91374269,0.998746331,0.987565758,0.976145038,0.976439791,0.997847308,0.998785538,0.926829268,0,0.25,0,0
174,0.529411765,0.836881811,1,0.848684211,0.880116959,0.998298592,0.990913439,0.96851145,0.980802792,0.997738185,0.998695946,0.87804878,0.333333333,0,0.957466919,0.970856102
-999,0.176470588,0.743336127,0.523809524,0.924342105,0.916666667,0.999034874,0,0,0,0,0,0.890243902,1,1,0.945179584,0.940801457
204,0.470588235,0.345180218,0.666666667,0.845394737,0.904239766,0.998597085,0.989478718,0.976145038,0.97469459,0,0,0.902439024,0,0.194444444,0.950850662,0.947176685
-999,0.235294118,0.957082984,0.714285714,0.177631579,0.958333333,0.999253768,0.980392157,0.976145038,0.969458988,0.998680608,0.999303178,0.963414634,1,1,0,0
-999,0.352941176,0.196814753,0.714285714,0.184210526,0.960526316,0.999323417,0.977044476,0.970419847,0.955497382,0.998621086,0.999213586,0.963414634,1,1,0,0
-999,0.764705882,0.270243085,0.142857143,0.345394737,0.923245614,0.998726432,0.983739837,0,0.97382199,0.998154835,0.998835311,0.914634146,0,1,0,0
-999,0.823529412,0.182062028,0.380952381,0.648026316,0.904239766,0.998815979,0.983739837,0.967557252,0,0,0,0.902439024,1,1,0.95557656,0.945355191
117,0,0.81022632,0.142857143,0.282894737,0.928362573,0.99879608,0.987565758,0.976145038,0.969458988,0,0,0.914634146,0,0.166666667,0.958412098,0.966302368
18,0.588235294,0.138642079,0.904761905,0.4375,0.881578947,0.998537386,0.988522238,0.970419847,0.972949389,0,0,0.865853659,0,0.666666667,0.946124764,0.992714026
-999,1,0.089354568,0.476190476,0.631578947,0.896929825,0.99878613,0.985652798,0.979007634,0.965095986,0.998204436,0.998845266,0.865853659,1,1,0,0
38,0.117647059,0.913830679,0.666666667,0.861842105,0.90497076,0.99837819,0.992826399,0.973282443,0.979930192,0.99793659,0.99872581,0.914634146,0,0.694444444,0.950850662,0.987249545
173,0.470588235,0.029840738,0.857142857,0.25,0.890350877,0.998587135,0.989478718,0.96851145,0.97382199,0.997986191,0.998636219,0.853658537,0.333333333,0.972222222,0.965028355,0.940801457
-999,1,0.536797988,1,0.292763158,0.863304094,0.998507537,0.986131038,0.969465649,0.979930192,0.997877068,0.998755674,0.841463415,1,1,0,0
60,0.470588235,0.581223806,0.714285714,0.361842105,0.973684211,0.99917417,0.980870397,0.983778626,0.962478185,0.998879013,0.999313132,0.93902439,0.333333333,0.055555556,0.949905482,0.980874317
-999,0.117647059,0.250125733,0.047619048,0.473684211,0.880847953,0.99839809,0.989956958,0.960877863,0.979057592,0,0.998556582,0.87804878,1,1,0,0
-999,0.764705882,0.516345348,0,0.391447368,0.954678363,0.999462713,0.979913917,0.973282443,0.958987784,0.999057577,0.999283268,0.93902439,1,1,0.948015123,0.962659381
16,0.352941176,0.296060352,0.142857143,0.292763158,0.924707602,0.998726432,0.988043998,0,0.969458988,0.998095314,0.998875129,0.914634146,0,0.916666667,0.945179584,0.996357013
90,0.764705882,0.860016764,0.047619048,0.131578947,0.872076023,0.998338391,0.992348159,0.969465649,0.986910995,0.997847308,0.998586446,0.87804878,0,0.833333333,0.960302457,0.970856102
-999,0.411764706,0.685331098,0.857142857,0.904605263,0.897660819,0.998726432,0.984218077,0.974236641,0.962478185,0.998065553,0.998815402,0.865853659,1,1,0,0
-999,0.941176471,0.138977368,0.619047619,0.664473684,0.961988304,0.999522412,0.981348637,0.97519084,0.956369983,0.999037737,0.999422633,0.93902439,1,1,0.963137996,0.947176685
122,0.823529412,0.592120704,0.380952381,0.894736842,0.902777778,0.998557286,0.989956958,0.97519084,0.97382199,0.99835324,0.998924902,0.890243902,0,0.055555556,0.961247637,0.938069217
-999,0.705882353,0.534450964,0.571428571,0.848684211,0.945906433,0.999223919,0,0.972328244,0,0,0,0.951219512,1,1,0,0
171,1,0.225481978,0.19047619,0.638157895,0.915204678,0.998666733,0.986609278,0.978053435,0.97556719,0.998144915,0.998735765,0.914634146,0,0.055555556,0.95557656,0.969034608
-999,0.882352941,0.64341995,0.047619048,0.391447368,0.885964912,0.998477688,0.991869919,0.967557252,0.984293194,0.997986191,0.998546627,0.902439024,1,1,0,0
167,0.176470588,0.599664711,0.904761905,0.401315789,0.891081871,0.998557286,0.989000478,0.972328244,0.964223386,0.997976271,0.99874572,0.87804878,0,0.138888889,0.957466919,0.958105647
-999,0.176470588,0.738977368,0.761904762,0.924342105,0.914473684,0.999005025,0,0,0,0,0,0.902439024,1,1,0,0
-999,1,0.684828164,0.333333333,0.986842105,0.907163743,0.998915477,0.984696318,0.974236641,0.969458988,0.998174676,0.998785538,0.902439024,1,1,0,0
133,0.588235294,0.738474434,0.047619048,0.907894737,0.869152047,0.998437889,0.987087518,0.96851145,0.976439791,0.998095314,0.998845266,0.841463415,0,0.277777778,0.962192817,0.964480874
-999,1,0.977032691,1,0.351973684,0.864766082,0.998527436,0.985174558,0.966603053,0.976439791,0.998174676,0.998785538,0.841463415,1,1,0.987712665,0.938979964
-999,0.235294118,0.358424141,0.666666667,0.565789474,0.909356725,0.998607034,0,0,0,0,0,0.890243902,1,1,0,0
-999,0.117647059,0.540486169,0.428571429,0.648026316,0.883040936,0,0,0,0,0,0,0.890243902,1,1,0,0
204,0.705882353,0.527912825,0.904761905,0.677631579,0.877192982,0.998497587,0,0,0,0,0,0.87804878,0,0.527777778,0.964083176,0.946265938
68,0.470588235,0.277954736,1,0.648026316,0.884502924,0.998348341,0.990435198,0.966603053,0.979057592,0.998006032,0.9985964,0.902439024,0.333333333,0.333333333,0.965028355,0.961748634
-999,1,0.057334451,1,0.111842105,0.879385965,0.998457788,0.987565758,0.967557252,0.976439791,0.998095314,0.998765629,0.865853659,1,1,0,0
181,0.882352941,0.445934619,0.904761905,0.470394737,0.869883041,0.998646833,0.987087518,0.970419847,0.977312391,0,0,0.853658537,0,0.083333333,0.956521739,0.970856102
40,1,0.80217938,0.095238095,0.131578947,0.874269006,0.998447838,0.988522238,0.964694656,0.984293194,0.997758025,0.998715856,0.865853659,0,0.027777778,0.947069943,0.984517304
61,0.941176471,0.611399832,0.047619048,0.398026316,0.874269006,0.998417989,0.989478718,0,0.979057592,0.997916749,0.998805447,0.87804878,0,0.916666667,0.9536862,0.97723133
3,0.941176471,0.471416597,0.047619048,0.648026316,0.880116959,0.998437889,0.994739359,0.963740458,0.989528796,0,0,0.890243902,0,0.277777778,0.945179584,0.995446266
-999,0.352941176,0.552388935,0.666666667,0.825657895,0.918128655,0.998726432,0.987565758,0.977099237,0.970331588,0.998015952,0.998606355,0.902439024,1,1,0,0
130,0.647058824,0.910477787,0.714285714,0.746710526,0.954678363,0.999044824,0.985174558,0.977099237,0.970331588,0.998869092,0.999104085,0.93902439,0.333333333,0.833333333,0.970699433,0.93989071
-999,0.235294118,0.39782062,0.904761905,0.940789474,0.879385965,0.998587135,0.986609278,0.96851145,0.972076789,0.998045712,0,0.87804878,1,1,0,0
136,0.882352941,0.706621961,0.714285714,0.648026316,0.958333333,0.999223919,0.986609278,0.971374046,0.972949389,0.998680608,0.999153858,0.951219512,0.333333333,0.166666667,0.948960302,0.97723133
-999,0.176470588,0.166974015,0.047619048,0.401315789,0.873538012,0.998636884,0.986609278,0.965648855,0.965968586,0,0,0.865853659,1,1,0,0
-999,0.882352941,0.248113998,0.904761905,0.450657895,0.875,0.998318492,0.993304639,0.963740458,0.981675393,0.998006032,0.998586446,0.865853659,0,1,0,0
242,0.058823529,0.84744342,0,0.101973684,0.964912281,0.999243819,0,0.979961832,0,0,0,0.926829268,0.333333333,0.777777778,0.948960302,0.969945355
-999,0.882352941,0.229002515,1,0.506578947,0.877923977,0.998507537,0.987565758,0.963740458,0.97556719,0.998035792,0.998974675,0.902439024,1,1,0.983931947,0.944444444
126,0.352941176,0.019614417,0.047619048,0.355263158,0.881578947,0.998278693,0.989478718,0,0.976439791,0.997817547,0.998765629,0.87804878,0,0.222222222,0.95557656,0.973588342
-999,0.882352941,0.400502934,0.619047619,0.947368421,0.950292398,0.998975175,0.987087518,0.990458015,0.969458988,0.999027816,0.999382814,0.926829268,1,1,0.964083176,0.93989071
34,1,0.342665549,1,0.506578947,0,0.998308542,0.989956958,0.969465649,0.977312391,0.997609222,0.998516764,0,0.333333333,0.666666667,0.948015123,0.991803279
140,0.294117647,0.511986588,1,0,0.865497076,0.998298592,0.989000478,0,0.978184991,0.997787786,0.9985964,0.865853659,0.333333333,0.138888889,0.958412098,0.969034608
-999,0.117647059,0.075272422,0.80952381,0.855263158,0.895467836,0.998527436,0.986609278,0,0.971204188,0.997916749,0.998705901,0.926829268,1,1,0,0
165,0.823529412,0.465381391,0.952380952,0.595394737,0.894736842,0.998497587,0.988522238,0.970419847,0.977312391,0.997906829,0.99872581,0.865853659,0.333333333,0.75,0.945179584,0.962659381
151,0.647058824,0.264207879,0.238095238,0.805921053,0.955409357,0.999333366,0.983261597,0.985687023,0.961605585,0,0,0.890243902,0,0.361111111,0.960302457,0.954462659
130,0.588235294,0.442078793,0.857142857,0.986842105,0.879385965,0.998527436,0.986131038,0.97519084,0.971204188,0.998025872,0.998646173,0.841463415,0.333333333,0.583333333,0.964083176,0.944444444
-999,0.058823529,0.372841576,0.142857143,0.769736842,0.93128655,0.998636884,0,0,0,0,0,0.93902439,1,1,0.959357278,0.961748634
-999,1,0.958256496,1,0.901315789,0.869152047,0.998577185,0.985652798,0.959923664,0.976439791,0.998105234,0.998805447,0.890243902,1,1,0.962192817,0.971766849
86,0.941176471,0.996479464,0.857142857,0.904605263,0.893274854,0.998607034,0.987087518,0.971374046,0,0,0.998815402,0.841463415,0.333333333,0.083333333,0.949905482,0.982695811
-999,0.588235294,0.738809723,0.952380952,0.457236842,0.926900585,0.998845829,0,0.967557252,0,0,0,0.93902439,1,1,0,0
246,0.705882353,0.956412406,0.666666667,0.825657895,0.904239766,0.998766231,0.985174558,0.974236641,0.969458988,0.998164755,0.998944812,0.87804878,0,0.75,0.948960302,0.965391621
38,0.176470588,0.99379715,0.952380952,0.039473684,0.917397661,0.998825929,0.988043998,0,0.972076789,0.997986191,0.998865175,0.926829268,0.333333333,0.694444444,0.946124764,0.987249545
164,0.294117647,0.913998324,0.761904762,0.720394737,0.894736842,0.99878613,0,0.971374046,0,0,0,0.926829268,0.666666667,0.611111111,0.947069943,0.945355191
-999,0.941176471,0.865381391,0.80952381,0.476973684,0.885233918,0.998666733,0.985174558,0,0.972949389,0.998115154,0.998944812,0.890243902,1,1,0.959357278,0.938069217
44,0.529411765,0.573512154,0.238095238,0.700657895,0.948830409,0.999034874,0,0,0,0,0,0.914634146,0,0.111111111,0.949905482,0.988160291
120,0.176470588,0.074434199,0.142857143,0.470394737,0.928362573,0.998646833,0.987087518,0.974236641,0.968586387,0,0,0.926829268,0,0.833333333,0.958412098,0.969945355
169,0.470588235,0.064543168,0.047619048,0.115131579,0.869883041,0.998437889,0.988522238,0.971374046,0.97469459,0.99794651,0.998476945,0.853658537,0,0.055555556,0.964083176,0.964480874
-999,0.117647059,0.050796312,1,0.0625,0.902046784,0.998437889,0.985652798,0,0.968586387,0,0,0.926829268,1,1,0,0
238,0.411764706,0.237552389,0.952380952,0.338815789,0.912280702,0.998736381,0,0.970419847,0,0,0,0.926829268,0.333333333,0.888888889,0.9536862,0.954462659
42,0.294117647,0.421458508,0.047619048,0.664473684,0.881578947,0.998636884,0,0,0,0,0,0.853658537,0,0.083333333,0.950850662,0.983606557
112,0.529411765,0.958424141,0.80952381,0.046052632,0.887426901,0.998905527,0.982783357,0,0.969458988,0.998194516,0.998835311,0.902439024,0.333333333,0.694444444,0.948015123,0.980874317
77,0.764705882,0.225817267,0.142857143,0.848684211,0.924707602,0.998716482,0.989956958,0.970419847,0.979057592,0.998006032,0.998825356,0.93902439,0,0.111111111,0.95463138,0.976320583
-999,0.529411765,0.518692372,0.904761905,0.253289474,0.888888889,0.998597085,0.992348159,0,0,0,0,0.87804878,1,1,0,0
232,0.117647059,0.377200335,0.047619048,0.450657895,0.873538012,0.99837819,0.995217599,0.970419847,0.984293194,0,0,0.853658537,0,0.638888889,0.963137996,0.962659381
214,0.176470588,0.172003353,0.714285714,0.276315789,0.960526316,0.999572161,0.981826877,0.973282443,0.956369983,0.999067497,0.999362905,0.951219512,0.333333333,0.888888889,0.960302457,0.954462659
-999,0.470588235,0.827326069,0.666666667,0.398026316,0.899853801,0.998756281,0.988043998,0.981870229,0.970331588,0.998184596,0.998795493,0.865853659,1,1,0,0
84,0.294117647,0.71969824,1,0.506578947,0.875730994,0.998288642,0.993782879,0.966603053,0.984293194,0.997877068,0.998715856,0.87804878,0.333333333,0.75,0.963137996,0.962659381
-999,0.117647059,0.378206203,0.333333333,0.032894737,0.902046784,0.998686633,0.989956958,0.972328244,0.97382199,0.997976271,0.998825356,0.902439024,1,1,0,0
-999,0.294117647,0.514836547,0,0.651315789,0.942982456,0.999044824,0.983739837,0.982824427,0.963350785,0.998432602,0.999044358,0.902439024,1,1,0,0
10,0.235294118,0.481978206,0.380952381,0.832236842,0.907163743,0.998497587,0.986131038,0,0.971204188,0.998283798,0.998735765,0.890243902,0,0.583333333,0.946124764,0.995446266
158,0.235294118,0.581559095,0.952380952,0.483552632,0.921783626,0.998547336,0.982305117,0.974236641,0.97469459,0.998224277,0.998825356,0.951219512,0.333333333,0.138888889,0.952741021,0.965391621
-999,0.176470588,0.259513831,1,0.608552632,0.873538012,0.998656783,0,0,0,0.997916749,0.998656128,0.890243902,1,1,0.970699433,0.947176685
-999,0.882352941,0.773679799,0.285714286,0.901315789,0.916666667,0.998646833,0.989478718,0.982824427,0.97556719,0,0,0.926829268,1,1,0.960302457,0.9571949
-999,0.235294118,0.617937972,0.80952381,0.470394737,0.889619883,0.99880603,0.979913917,0,0.963350785,0.998313559,0.998765629,0.914634146,1,1,0,0
-999,0.941176471,0.48868399,0.857142857,0.819078947,0.882309942,0.998567235,0.989956958,0.971374046,0.983420593,0,0.998636219,0.853658537,1,1,0,0
-999,0.588235294,0.911483655,0.142857143,0.782894737,0.920321637,0.998905527,0.981826877,0.969465649,0.966841187,0,0,0.926829268,1,1,0,0
215,0.470588235,0.605364627,0.238095238,0.845394737,0.944444444,0.998955276,0.988043998,0.979961832,0.968586387,0.998462363,0.999283268,0.93902439,0,0.527777778,0.962192817,0.948087432
4,0.117647059,0.217602682,0.714285714,0.921052632,0.958333333,0.999034874,0,0,0,0,0,0.951219512,0.333333333,0.666666667,0.945179584,0.999089253
-999,0.941176471,0.460184409,0.047619048,0.0625,0.864035088,0.998348341,0.989478718,0.963740458,0.979930192,0,0,0.829268293,1,1,0.959357278,0.967213115
-999,0.529411765,0.112657167,0,0.638157895,0.951754386,0.999283618,0.979913917,0,0.957242583,0.99877981,0.999153858,0.914634146,1,1,0,0
165,0.882352941,0.495725063,0.19047619,0.470394737,0.93128655,0,0.981348637,0.974236641,0.966841187,0,0,0.926829268,0,0.222222222,0.957466919,0.971766849
-999,0.588235294,0.590611903,0.904761905,0.914473684,0.881578947,0.998656783,0.990435198,0.976145038,0.982547993,0,0,0.87804878,1,1,0.965028355,0.940801457
59,0.352941176,0.725062867,0.857142857,0.832236842,0.894736842,0.998447838,0.994739359,0.973282443,0.979930192,0.997847308,0.998586446,0.87804878,0.333333333,0.194444444,0.950850662,0.979052823
36,0.941176471,0.987259011,0.904761905,0.013157895,0.877192982,0.998587135,0.989956958,0.971374046,0.978184991,0,0,0.87804878,0,0.638888889,0.945179584,0.992714026
208,0.411764706,0.384911987,0.80952381,0.013157895,0.891081871,0.99879608,0.987087518,0,0.965095986,0.998085393,0.998895039,0.902439024,0.333333333,0.666666667,0.9536862,0.954462659
-999,0.176470588,0.552221291,0.714285714,0.009868421,0.969298246,0.999383115,0.981348637,0,0.961605585,0.999295663,0.999442542,0.926829268,1,1,0.95557656,0.964480874
109,0.647058824,0.188264878,0.904761905,0.131578947,0.889619883,0.998507537,0.990913439,0.974236641,0.976439791,0.998184596,0.998715856,0.902439024,0,0.361111111,0.95463138,0.966302368
-999,1,0.053478625,0.476190476,0.480263158,0.889619883,0.998756281,0,0,0,0,0,0.865853659,1,1,0,0
165,0.647058824,0.097736798,0.761904762,0.171052632,0.897660819,0.999134371,0,0,0,0,0,0.93902439,0.666666667,0.805555556,0.948015123,0.938069217
-999,0.764705882,0.153394803,0.952380952,0.555921053,0.906432749,0.998636884,0,0.971374046,0,0,0,0.914634146,1,1,0.960302457,0.947176685
245,0.470588235,0.941156748,0.047619048,0.032894737,0.870614035,0.998477688,0.988522238,0.970419847,0.972949389,0.997847308,0.998447081,0.853658537,0,0.194444444,0.965028355,0.963570128
-999,1,0.215088013,0.476190476,0.805921053,0.902777778,0.998557286,0.991391679,0.974236641,0.97382199,0.997976271,0.998705901,0.914634146,1,1,0,0
17,0.647058824,0.061022632,0.142857143,0.664473684,0.94371345,0.999014974,0.988043998,0.976145038,0.97382199,0.998541725,0.998974675,0.963414634,0,0.805555556,0.947069943,0.992714026
54,0.235294118,0.456328583,0.142857143,0.233552632,0.929824561,0.998716482,0.979913917,0.970419847,0.979057592,0.998263958,0.998765629,0.93902439,0,0.916666667,0.951795841,0.985428051
156,0.294117647,0.36898575,0.714285714,0.588815789,0.956140351,0.999273668,0.976566236,0.971374046,0.953752182,0.998839332,0.999323087,0.975609756,0.333333333,0.027777778,0.967863894,0.953551913
34,0.470588235,0.191450126,0.952380952,0.805921053,0.910818713,0.998467738,0,0.979007634,0,0,0,0.951219512,0.333333333,0.361111111,0.945179584,0.990892532
-999,0.705882353,0.378876781,0.142857143,0.259868421,0.938596491,0.998895577,0.984218077,0.972328244,0.971204188,0.998502044,0.999223541,0.93902439,1,1,0.972589792,0.93989071
-999,0.294117647,0.268901928,0.952380952,0.220394737,0.917397661,0.998736381,0.983739837,0.969465649,0.970331588,0.998254038,0.999004539,0.926829268,0.333333333,1,0,0
-999,0.941176471,0.950544845,0.619047619,0.516447368,0.959064327,0,0,0.963740458,0,0,0,0.914634146,1,1,0.952741021,0.938979964
-999,0.411764706,0.848784577,0.80952381,0.986842105,0.885233918,0.998875678,0.983739837,0,0.972949389,0.997817547,0.998566537,0.902439024,1,1,0.957466919,0.938979964
245,0.647058824,0.937468567,1,0.983552632,0.88377193,0.99836824,0.991869919,0.96851145,0.978184991,0.99793659,0.998526718,0.87804878,0.333333333,0.916666667,0.961247637,0.970856102
-999,0.470588235,0.10729254,0.666666667,0.684210526,0.915935673,0.99880603,0.987087518,0.97519084,0.97382199,0.998333399,0.99872581,0.902439024,1,1,0.962192817,0.948998179
121,1,0.530930427,0.666666667,0.009868421,0.923245614,0.998756281,0.987087518,0.96851145,0.97382199,0,0,0.93902439,0,0.388888889,0.951795841,0.963570128
202,0.882352941,0.404526404,0.714285714,0.648026316,0.953216374,0.999044824,0.981348637,0.97519084,0.972076789,0.998869092,0.999462451,0.951219512,0.333333333,0.527777778,0.959357278,0.965391621
23,0.176470588,0.331433361,1,0.398026316,0.891812865,0.998467738,0.987087518,0,0.980802792,0.997787786,0.998795493,0.902439024,0.333333333,0.416666667,0.946124764,0.995446266
198,0,0.578373847,0.904761905,0.664473684,0.879385965,0.998557286,0.990913439,0.963740458,0.977312391,0.998254038,0.998516764,0.87804878,0,0.805555556,0.967863894,0.943533698
124,0.588235294,0.271416597,0.857142857,0.664473684,0.85745614,0.998348341,0.986131038,0.960877863,0.979930192,0,0,0.841463415,0.333333333,0.416666667,0.9536862,0.969034608
-999,0.411764706,0.472590109,0.80952381,0.25,0.889619883,0.99878613,0.985174558,0,0.971204188,0.997847308,0.998606355,0.93902439,1,1,0,0
-999,0.941176471,0.852305113,0.952380952,0.476973684,0.907163743,0,0,0.970419847,0,0,0,0.93902439,1,1,0.958412098,0.949908925
-999,0.176470588,0.272925398,0.047619048,0.361842105,0.871345029,0.998437889,0,0.966603053,0,0,0,0.865853659,1,1,0,0
60,0.764705882,0.167644593,0.047619048,0.177631579,0.877923977,0.99838814,0.988522238,0.96851145,0.986910995,0.997787786,0.998586446,0.87804878,0,0.222222222,0.951795841,0.985428051
-999,0.529411765,0.779715004,0.761904762,0.657894737,0.868421053,0.998815979,0,0,0,0,0,0.890243902,1,1,0.946124764,0.954462659
-999,0.176470588,0.51349539,0.380952381,0.930921053,0.899122807,0.998955276,0.992348159,0.978053435,0.972076789,0.998095314,0.998775583,0.853658537,1,1,0.951795841,0.960837887
82,0.294117647,0.29706622,1,0.677631579,0.872076023,0.998427939,0.987087518,0.967557252,0,0,0,0.865853659,0.333333333,0.277777778,0.952741021,0.980874317
186,0.470588235,0.437720034,0.952380952,0.651315789,0.914473684,0.99838814,0.989956958,0.976145038,0.978184991,0.997738185,0.998556582,0.926829268,0.333333333,0.222222222,0.949905482,0.967213115
177,0.470588235,0.554065381,0.904761905,0.694078947,0.876461988,0.998477688,0.993304639,0.971374046,0.986038394,0.997767946,0.99874572,0.87804878,0,0,0.95463138,0.961748634
109,0.882352941,0.605029338,0.904761905,0.483552632,0.885964912,0.998477688,0.988522238,0.974236641,0.97469459,0,0,0.865853659,0,0.361111111,0.958412098,0.966302368
1,0.411764706,0.139480302,0.80952381,0.0625,0.911549708,0.998517487,0.989000478,0,0.981675393,0.997896909,0.998626264,0.93902439,0.333333333,0.111111111,0.946124764,0.994535519
27,0.235294118,0.054149204,0.047619048,0.032894737,0.869883041,0.998408039,0.989478718,0.972328244,0.983420593,0,0.998526718,0.87804878,0,0.777777778,0.950850662,0.988160291
-999,0.352941176,0.856663873,1,0.276315789,0.879385965,0.998557286,0.989956958,0.966603053,0.972076789,0.998194516,0.998835311,0.914634146,1,1,0,0
249,0.470588235,0.932271584,0.238095238,0.769736842,0.951023392,0.999074673,0.980392157,0.981870229,0.960732984,0,0,0.926829268,0,0.027777778,0.972589792,0.93715847
46,0.705882353,0,0.238095238,0.013157895,0.954678363,0.999154271,0.980392157,0.974236641,0.964223386,0.99876989,0.999183722,0.926829268,0,0.277777778,0.949905482,0.988160291
-999,0.882352941,0.616932104,0.80952381,0.914473684,0.898391813,0.998865728,0.983739837,0,0.964223386,0.998482203,0.998974675,0.926829268,1,1,0,0
187,0.235294118,0.508298407,0,0.638157895,0.950292398,0.999303517,0.984218077,0.973282443,0.961605585,0.998591326,0.998994585,0.914634146,0.333333333,0.555555556,0.947069943,0.969034608
-999,0.588235294,0.355238894,0.142857143,0.957236842,0.925438596,0.998855778,0.983261597,0.971374046,0.967713787,0.998273878,0.99911404,0.914634146,1,1,0.967863894,0.942622951
-999,0.529411765,0.107460184,0.666666667,0.039473684,0.893274854,0.998696582,0,0,0.971204188,0,0,0.865853659,1,1,0,0
-999,0.705882353,0.111986588,0.857142857,0.769736842,0.891081871,0.998497587,0.990435198,0.973282443,0.97469459,0.998055633,0.998775583,0.890243902,1,1,0.960302457,0.954462659
-999,1,0.930092205,0.333333333,0.398026316,0.897660819,0.998815979,0.989478718,0.976145038,0.969458988,0.998184596,0.998825356,0.87804878,1,1,0.946124764,0.93715847
182,0.470588235,0.216093881,0.857142857,0.848684211,0.880847953,0.998358291,0.986609278,0.973282443,0.971204188,0.998144915,0,0.853658537,0.333333333,0.416666667,0.957466919,0.955373406
-999,0.764705882,0.563956412,1,0.075657895,0.863304094,0.99836824,0.990913439,0.965648855,0.97556719,0,0,0.865853659,1,1,0,0
-999,0,0.459681475,0.857142857,0.631578947,0.88377193,0.998636884,0.984218077,0,0.968586387,0.998323479,0.998566537,0.853658537,1,1,0,0
114,0.058823529,0.483319363,1,0.381578947,0.862573099,0.998238894,0.989478718,0,0.979057592,0,0,0.865853659,0.333333333,0.333333333,0.952741021,0.984517304
10,0.647058824,0.921877619,0.857142857,0.282894737,0.89254386,0.998477688,0,0.969465649,0,0,0,0.890243902,0.333333333,0.861111111,0.945179584,0.993624772
101,0.647058824,0.945180218,0.142857143,0.046052632,0.924707602,0.998885628,0.990435198,0.979961832,0.977312391,0.998313559,0.998845266,0.902439024,0,0.583333333,0.950850662,0.982695811
117,0.941176471,0.222799665,0.19047619,0.769736842,0.918859649,0.998686633,0.988522238,0.972328244,0.979057592,0.998224277,0.998885084,0.93902439,0,0.555555556,0.956521739,0.970856102
121,0.882352941,0.94233026,0.952380952,0.960526316,0.925438596,0.998845829,0.985174558,0.976145038,0.97382199,0.998154835,0.998825356,0.914634146,0.333333333,0.666666667,0.95557656,0.964480874
-999,0.764705882,0.826152557,0.857142857,0.960526316,0.89619883,0.998696582,0.986609278,0.973282443,0,0,0,0.853658537,1,1,0,0
206,0.058823529,0.509974853,0.666666667,0.447368421,0.904239766,0.998626934,0.989000478,0.979007634,0.965095986,0.998452442,0.998586446,0.87804878,1,0.277777778,0.956521739,0.966302368
145,0.352941176,0.750209556,0.047619048,0.450657895,0.879385965,0.99837819,0,0,0,0,0,0.865853659,0,0.527777778,0.972589792,0.942622951
206,0.470588235,0.620955574,1,0.641447368,0.870614035,0.99838814,0.986609278,0.963740458,0,0,0,0.865853659,0.333333333,0.361111111,0.965973535,0.960837887
150,0.117647059,0.457502096,0.952380952,0.986842105,0.924707602,0.99879608,0.986609278,0.97519084,0.972076789,0.998283798,0.99874572,0.914634146,0.333333333,0.666666667,0.964083176,0.93715847
-999,0.352941176,0.464543168,0.238095238,0.220394737,0.959064327,0.999054773,0.986131038,0.981870229,0.958987784,0.998799651,0.999084176,0.914634146,1,1,0,0
79,0.529411765,0.673763621,1,0.671052632,0.868421053,0.998408039,0.990913439,0.972328244,0.976439791,0.997777866,0.998466991,0.865853659,0.333333333,0.75,0.95463138,0.97723133
-999,0.823529412,0.775691534,1,0.684210526,0.870614035,0.998457788,0.986609278,0.964694656,0.976439791,0.997867148,0.99872581,0.829268293,1,1,0.981096408,0.938979964
248,0.294117647,0.142497904,0.952380952,0.118421053,0.908625731,0.998567235,0.986609278,0.976145038,0.972076789,0.997966351,0.998805447,0.914634146,0.333333333,0.833333333,0.950850662,0.974499089
-999,1,0.316680637,0.095238095,0.243421053,0.880116959,0.998517487,0.988522238,0.967557252,0.982547993,0.998055633,0.99874572,0.890243902,1,1,0.971644612,0.93715847
111,0.705882353,0.721207041,0.904761905,0.802631579,0.888888889,0.998607034,0.991869919,0.974236641,0.982547993,0.997906829,0.998626264,0.902439024,0,0.277777778,0.95557656,0.969034608
-999,1,0.627996647,0.857142857,0.516447368,0,0.998577185,0.984218077,0,0,0.99793659,0,0,1,1,0,0
-999,0.705882353,0.209220453,0.666666667,0.9375,0.904239766,0.998686633,0.983739837,0,0.971204188,0.998085393,0.998765629,0.914634146,1,1,0.967863894,0.93989071
-999,0.647058824,0.91131601,0.904761905,0.236842105,0.872807018,0.998587135,0.987087518,0.971374046,0.969458988,0.997986191,0.998705901,0.865853659,1,1,0,0
43,0.058823529,0.20620285,0.047619048,0.398026316,0.875730994,0.998457788,0,0.961832061,0,0,0,0.87804878,0,0.638888889,0.952741021,0.986338798
-999,0.588235294,0.183403185,0.666666667,0.358552632,0.900584795,0.998676683,0.986131038,0.96851145,0.978184991,0,0,0.902439024,0,1,0,0
-999,0.058823529,0.578038558,0.333333333,0.848684211,0.915935673,0.998636884,0.987087518,0.979007634,0.970331588,0.998402841,0.998646173,0.902439024,1,1,0.946124764,0.961748634
-999,0.705882353,0.679463537,0.428571429,0.358552632,0.874269006,0.998567235,0,0,0,0,0,0.890243902,1,1,0,0
200,0.411764706,0.823805532,0.666666667,0.648026316,0.905701754,0.998616984,0.989478718,0.983778626,0.968586387,0.998184596,0.998785538,0.890243902,0,0.555555556,0.950850662,0.969034608
-999,0.588235294,0.517686505,0.666666667,0.345394737,0.904239766,0.998985125,0.985174558,0.96851145,0.965968586,0.998740129,0.999004539,0.87804878,1,1,0.963137996,0.947176685
134,0.235294118,0.87409891,0.666666667,0.700657895,0.90497076,0.998537386,0.988043998,0.980916031,0.981675393,0.997678664,0.998427172,0.902439024,0,0.916666667,0.950850662,0.975409836
233,0.588235294,0.944341995,0.666666667,0.904605263,0.909356725,0.998626934,0,0.978053435,0,0,0,0.93902439,0,0.666666667,0.974480151,0.93715847
-999,0.823529412,0.753059514,0.285714286,0.868421053,0.911549708,0.99878613,0.985652798,0.978053435,0,0.998184596,0.99872581,0.902439024,1,1,0,0
-999,0.588235294,0.416261526,0.952380952,0.986842105,0.904239766,0.99877618,0.982783357,0,0.968586387,0.998521884,0.998845266,0.914634146,1,1,0,0
71,0.882352941,0.322883487,0.19047619,0.648026316,0.935672515,0.999074673,0.985652798,0,0.967713787,0.998680608,0.998974675,0.914634146,1,0.25,0.950850662,0.981785064
100,0.117647059,0.708466052,1,0.677631579,0.89619883,0.998527436,0,0,0,0,0,0.890243902,0.333333333,0.805555556,0.956521739,0.971766849
141,0.823529412,0.85984912,0.666666667,0.131578947,0.89619883,0.998338391,0,0.972328244,0.97382199,0,0,0.890243902,0,0.833333333,0.956521739,0.962659381
82,0.941176471,0.73830679,0.19047619,0.651315789,0.95248538,0.998746331,0,0.97519084,0,0.998938534,0.999452497,0.902439024,0,0.222222222,0.949905482,0.986338798
123,1,0.999161777,0.095238095,0.858552632,0.869883041,0.998437889,0.994261119,0.966603053,0.985165794,0.997857228,0.998447081,0.853658537,0,0.722222222,0.980151229,0.93715847
-999,0.058823529,0.926236379,0.952380952,0.6875,0.926900585,0.998885628,0,0.973282443,0.972076789,0,0,0.93902439,1,1,0.959357278,0.951730419
-999,0.588235294,0.494719195,0.952380952,0.207236842,0.926169591,0.998746331,0,0.986641221,0,0,0,0.914634146,1,1,0,0
244,0.705882353,0.467393127,0.904761905,0.171052632,0.888157895,0.998577185,0.985652798,0.96851145,0.979930192,0.998035792,0,0.926829268,0,0.555555556,0.959357278,0.965391621
173,0.352941176,0.048113998,0.857142857,0.513157895,0.900584795,0.998626934,0.987087518,0.967557252,0.977312391,0.998065553,0.998934857,0.890243902,0.333333333,0.805555556,0.952741021,0.972677596
-999,0.117647059,0.228667225,1,0.292763158,0.886695906,0.998656783,0.990435198,0.971374046,0.972076789,0.997877068,0.998626264,0.902439024,1,1,0,0
40,0.823529412,0.210058676,1,0.720394737,0.889619883,0.998497587,0.989478718,0.970419847,0.979930192,0.9975497,0.998556582,0.914634146,0.333333333,0.25,0.948015123,0.986338798
-999,0.352941176,0.013243923,0.571428571,0.845394737,0.949561404,0.999472663,0.980392157,0.976145038,0.953752182,0.998948454,0.999432587,0.93902439,1,1,0,0
101,0.588235294,0.465884325,0.047619048,0.243421053,0.872076023,0.99836824,0,0.974236641,0,0,0,0.865853659,0,0.722222222,0.95557656,0.973588342
166,0.823529412,0.985917854,0.571428571,0.924342105,0.959795322,0.99919407,0.983261597,0.981870229,0.971204188,0.998422682,0.999283268,0.926829268,0.333333333,0.083333333,0.950850662,0.968123862
-999,0.705882353,0.956244761,0.714285714,0.986842105,0.96125731,0.999492563,0.981826877,0.971374046,0.958115183,0.999345264,0.999412678,0.963414634,1,1,0,0
-999,0.470588235,0.117015926,0.238095238,0.565789474,0.93128655,0.998955276,0.984696318,0.983778626,0.965968586,0.998283798,0.999064267,0.914634146,1,1,0.962192817,0.956284153
49,0.117647059,0.58139145,0.80952381,0.664473684,0.894005848,0.998845829,0,0,0,0,0,0.902439024,0.333333333,0.666666667,0.948015123,0.987249545
19,0.411764706,0.774685666,0.047619048,0.555921053,0.880847953,0.998338391,0.991869919,0.967557252,0.983420593,0.99794651,0.998526718,0.87804878,0,0.638888889,0.946124764,0.996357013
-999,1,0.110142498,1,0.358552632,0.889619883,0.998577185,0.993304639,0,0.985165794,0,0,0.926829268,1,1,0.97637051,0.956284153
50,0.647058824,0.820117351,0.047619048,0.259868421,0.871345029,0.998338391,0.995217599,0.964694656,0.984293194,0.997916749,0.998586446,0.865853659,0,0.083333333,0.951795841,0.982695811
150,0,0.181056161,0.047619048,0.582236842,0.868421053,0.998457788,0.989000478,0.964694656,0.97382199,0.998065553,0.998586446,0.817073171,0,0.388888889,0.959357278,0.970856102
111,0.588235294,0.826320201,0.571428571,0.588815789,0.956871345,0.999134371,0.983261597,0.993320611,0.966841187,0.999226221,0.999104085,0.914634146,0.333333333,0.166666667,0.947069943,0.972677596
67,1,0.26823135,0.80952381,0.805921053,0.888888889,0.99877618,0.986131038,0,0.967713787,0.99792667,0.998845266,0.914634146,0.333333333,0.333333333,0.949905482,0.981785064
-999,0.647058824,0.101424979,0.80952381,0.766447368,0.897660819,0.998676683,0.987087518,0,0.967713787,0.998154835,0.998815402,0.926829268,1,1,0.95463138,0.938069217
21,0.705882353,0.978876781,1,0.638157895,0.86622807,0.998278693,0.987565758,0.96278626,0.981675393,0.997906829,0.998715856,0.87804878,0.333333333,0.333333333,0.948015123,0.991803279
-999,0.176470588,0.370829841,0.857142857,0.5,0.897660819,0.998726432,0.985652798,0.961832061,0.970331588,0,0.99898463,0.853658537,1,1,0,0
124,0.117647059,0.075775356,0.238095238,0.631578947,0.95248538,0.998905527,0.988043998,0.986641221,0.963350785,0.998402841,0.998795493,0.926829268,0,0.638888889,0.956521739,0.968123862
68,0.235294118,0.167476949,0.047619048,0.398026316,0.870614035,0.998477688,0.989956958,0.965648855,0.980802792,0.99793659,0.9985964,0.87804878,0,0.027777778,0.956521739,0.978142077
96,0.647058824,0.986420788,0.238095238,0.940789474,0.944444444,0.998815979,0.983261597,0.980916031,0.967713787,0.998204436,0.998815402,0.914634146,0,0.194444444,0.951795841,0.973588342
-999,0.882352941,0.413746857,0.761904762,0.707236842,0.885964912,0.998686633,0.981826877,0,0.971204188,0,0,0.902439024,1,1,0,0
-999,0.588235294,0.483822297,0.857142857,0.815789474,0.891081871,0.99879608,0.989956958,0.966603053,0.97469459,0.998502044,0.999044358,0.865853659,1,1,0,0
8,0.823529412,0.822799665,0.666666667,0.282894737,0.902777778,0.998467738,0,0,0,0,0,0.890243902,0,0.138888889,0.945179584,0.995446266
18,0.823529412,0.421290863,0.047619048,0.4375,0.870614035,0.998338391,0.989000478,0.966603053,0.982547993,0.997688584,0.998427172,0.865853659,0,0.305555556,0.946124764,0.991803279
172,0.117647059,0.521709975,1,0.986842105,0.875,0.99839809,0.989478718,0,0.97556719,0.998283798,0.998606355,0.902439024,0.333333333,0.916666667,0.959357278,0.966302368
90,0.058823529,0.524727578,0.666666667,0.115131579,0.900584795,0.998557286,0.994739359,0.977099237,0.983420593,0.998085393,0.998546627,0.902439024,0,0.027777778,0.95557656,0.964480874
21,0.117647059,0.62883487,0.857142857,0.5,0.888888889,0.998437889,0,0,0,0,0,0.87804878,0.333333333,0.583333333,0.947069943,0.993624772
-999,0.647058824,0.48650461,0.80952381,0.690789474,0.911549708,0.998945326,0.985652798,0,0.970331588,0.998273878,0.998954766,0.926829268,1,1,0,0
152,0.117647059,0.276613579,0.047619048,0.282894737,0.869152047,0.998477688,0.992348159,0.96278626,0.986038394,0.997847308,0.998546627,0.865853659,0,0.194444444,0.956521739,0.974499089
70,0.705882353,0.124224644,0.142857143,0.069078947,0.938596491,0.998825929,0.984218077,0.977099237,0.968586387,0.998006032,0.998695946,0.951219512,0,0.055555556,0.95463138,0.975409836
4,0.823529412,0.288516345,0.047619048,0.648026316,0.869883041,0.998278693,0.992826399,0.96851145,0.990401396,0,0,0.853658537,0,0.194444444,0.945179584,0.994535519
-999,0.705882353,0.131936295,1,0.664473684,0.877192982,0.99837819,0,0.969465649,0,0,0,0.841463415,1,1,0.970699433,0.9571949
22,0.176470588,0.098742666,0.80952381,0.638157895,0.899853801,0.998686633,0,0.976145038,0,0,0,0.926829268,0.333333333,0.194444444,0.946124764,0.998178506
85,0.294117647,0.78575021,1,0.115131579,0.897660819,0.998467738,0.987565758,0.969465649,0.97469459,0,0.998705901,0.951219512,0.333333333,0.638888889,0.959357278,0.967213115
81,0.529411765,0.231684828,0.142857143,0.848684211,0.913011696,0.998905527,0.989478718,0.964694656,0.978184991,0,0,0.926829268,0,0.638888889,0.950850662,0.984517304
178,0.882352941,0.366974015,0.80952381,0.940789474,0.894736842,0.998925427,0.987565758,0,0.972949389,0.998115154,0.998895039,0.890243902,0.333333333,0.388888889,0.9536862,0.954462659
-999,0.411764706,0.807376362,0.952380952,0.25,0.911549708,0.998417989,0.990913439,0.974236641,0.97382199,0.997877068,0.998656128,0.93902439,0.333333333,1,0,0
-999,0.352941176,0.69706622,0.80952381,0.069078947,0.883040936,0.99879608,0.986131038,0,0.960732984,0.998045712,0.998795493,0.890243902,1,1,0,0
156,0.882352941,0.558591785,0.285714286,0.664473684,0.911549708,0.998457788,0.990435198,0.977099237,0.97556719,0.998035792,0.998845266,0.93902439,0,0.25,0.952741021,0.973588342
227,0.294117647,0.716848282,0.047619048,0.161184211,0.864766082,0.998487637,0,0,0,0,0,0.865853659,0,0.222222222,0.960302457,0.965391621
85,1,0.035205365,1,0.171052632,0.885233918,0.998477688,0.987087518,0.971374046,0.977312391,0.998045712,0.998755674,0.841463415,0.333333333,0.305555556,0.957466919,0.97723133
-999,0.823529412,0.284995809,0.857142857,0.039473684,0.889619883,0.998656783,0.983739837,0.964694656,0.972076789,0,0,0.841463415,1,1,0.962192817,0.943533698
91,0.470588235,0.622129086,0.714285714,0.799342105,0.966374269,0.999243819,0.981348637,0.974236641,0.962478185,0.998710369,0.99924345,0.93902439,0.333333333,0.027777778,0.965028355,0.938069217
209,0.705882353,0.694719195,0.047619048,0.921052632,0.871345029,0.998447838,0.991869919,0.96851145,0.979930192,0.998006032,0.998536673,0.890243902,0,0.055555556,0.964083176,0.963570128
147,0.647058824,0.116512992,0.80952381,0.894736842,0.895467836,0.998587135,0.989956958,0,0.976439791,0.997906829,0.998427172,0.914634146,0.333333333,0.305555556,0.949905482,0.963570128
-999,0.411764706,0.502766136,0.857142857,0.986842105,0.898391813,0.99878613,0.983261597,0,0.968586387,0,0,0.87804878,1,1,0.965028355,0.945355191
-999,0.411764706,0.681642917,0.238095238,0.710526316,0.951754386,0.998905527,0.983261597,0.974236641,0.962478185,0.998531804,0.999014494,0.902439024,1,1,0.960302457,0.952641166
75,0.352941176,0.652137469,0.904761905,0.243421053,0.880847953,0.99839809,0.991391679,0.966603053,0.97556719,0.99792667,0.998805447,0.865853659,0,0.138888889,0.951795841,0.971766849
70,0.823529412,0.364291702,0.666666667,0.069078947,0.902777778,0.998597085,0.992348159,0.973282443,0.97556719,0.997877068,0.99872581,0.914634146,0,0.805555556,0.948015123,0.974499089
-999,0.882352941,0.942162615,0.619047619,0.460526316,0.944444444,0,0,0.974236641,0,0,0,0.902439024,1,1,0,0
-999,0.705882353,0.027829003,0.571428571,0.894736842,0.945175439,0.999253768,0.982305117,0.981870229,0.968586387,0.998720289,0.999342996,0.93902439,1,1,0.960302457,0.940801457
83,0.352941176,0.205699916,0.238095238,0.391447368,0.949561404,0.998935376,0.987087518,0,0.957242583,0.998531804,0.999203631,0.914634146,0,0.027777778,0.958412098,0.969945355
-999,0.117647059,0.916345348,0.952380952,0.664473684,0.917397661,0.998696582,0.989000478,0.976145038,0.966841187,0.998006032,0.998646173,0.914634146,1,1,0.9536862,0.965391621
229,0.941176471,0.44124057,0.19047619,0.595394737,0.923976608,0.998557286,0.986131038,0.979961832,0.979057592,0.998323479,0.998964721,0.926829268,0,0.944444444,0.965973535,0.947176685
6,0.941176471,0.557921207,0.80952381,0.664473684,0.902777778,0.998636884,0.989478718,0,0.979057592,0.998035792,0.998904993,0.951219512,0.333333333,0.472222222,0.948015123,0.990892532
32,0.705882353,0.345515507,0.142857143,0.657894737,0.929824561,0.998587135,0.989478718,0.972328244,0.977312391,0.998234197,0.998944812,0.926829268,0,0.194444444,0.950850662,0.982695811
221,1,0.271248952,1,0.588815789,0.869152047,0.998547336,0.988043998,0.964694656,0.977312391,0.99835324,0.998825356,0.853658537,0.333333333,0.138888889,0.982986767,0.943533698
48,0.352941176,0.490695725,0.80952381,0.638157895,0.89254386,0.998716482,0,0,0,0,0,0.914634146,0.333333333,0.111111111,0.946124764,0.990892532
-999,0.058823529,0.143671417,0.666666667,0.677631579,0.902777778,0.998607034,0.99904352,0.972328244,0.985165794,0.998095314,0.998556582,0.914634146,1,1,0,0
61,0.352941176,0.972170997,0.714285714,0.453947368,0.972953216,0.999164221,0.980392157,0.980916031,0.95113438,0.999216301,0.999412678,0.926829268,1,0.666666667,0.947069943,0.986338798
170,0.058823529,0.828499581,0.666666667,0.898026316,0.915935673,0.998736381,0,0,0,0,0,0.902439024,0,0.583333333,0.950850662,0.971766849
-999,0.176470588,0.406705784,0.904761905,0.664473684,0.881578947,0.99878613,0.986609278,0,0.968586387,0.998263958,0.998974675,0.865853659,1,1,0,0
217,1,0.604358759,0.857142857,0.924342105,0.88377193,0.998417989,0.987087518,0.974236641,0.972076789,0.99793659,0.998755674,0.829268293,0.333333333,0.138888889,0.958412098,0.951730419
159,0.882352941,0.131601006,0.19047619,0.450657895,0.948099415,0.999114472,0.984218077,0.978053435,0.968586387,0,0,0.914634146,0,0.583333333,0.957466919,0.965391621
-999,1,0.341492037,1,0.0625,0.872076023,0.998497587,0.984696318,0.966603053,0.97556719,0.998313559,0.998845266,0.865853659,1,1,0,0
89,0.647058824,0.851969824,0.80952381,0.671052632,0.897660819,0.999094572,0.985174558,0,0.963350785,0.998263958,0.998835311,0.951219512,0.333333333,0.861111111,0.948015123,0.971766849
-999,0.470588235,0.678290025,1,0.013157895,0.86622807,0.998467738,0.987565758,0,0.969458988,0,0,0.829268293,1,1,0.97826087,0.943533698
182,0.117647059,0.725230511,0.238095238,0.4375,0.959064327,0.999074673,0.983261597,0,0.964223386,0.999027816,0.999044358,0.902439024,0,0.222222222,0.9536862,0.974499089
-999,0.117647059,0.314165968,0.714285714,0.907894737,0.961988304,0.999005025,0,0.973282443,0,0,0,0.926829268,1,1,0,0
66,0.411764706,0.318021794,0.666666667,0.565789474,0.911549708,0.998358291,0.995695839,0.973282443,0.983420593,0.998065553,0.998825356,0.890243902,0,0.166666667,0.948960302,0.973588342
98,0.823529412,0.524559933,0.952380952,0.131578947,0.912280702,0,0,0,0,0,0,0.914634146,0.333333333,0.333333333,0.951795841,0.965391621
-999,1,0.7751886,0.952380952,0.819078947,0,0,0,0,0,0,0,0,1,1,0.957466919,0.945355191
138,0.588235294,0.645096396,0.857142857,0.174342105,0.897660819,0.998537386,0.987087518,0.970419847,0.97469459,0.997857228,0.998666083,0.87804878,0.333333333,0.055555556,0.962192817,0.948087432
115,0.823529412,0.500083822,0.476190476,0.970394737,0.897660819,0.998557286,0.989000478,0.971374046,0.97382199,0.998035792,0.99872581,0.890243902,0,0.138888889,0.969754253,0.93715847
-999,0.235294118,0.435708298,0.571428571,0.963815789,0.966374269,0.999233869,0.978000956,0.979961832,0.961605585,0.999404786,0.999771044,0.914634146,1,1,0,0
20,0.058823529,0.665549036,0.142857143,0.398026316,0.954678363,0.999005025,0,0,0,0,0,0.926829268,0,0.222222222,0.946124764,0.995446266
48,0.235294118,0.363285834,0.952380952,0.901315789,0.916666667,0.998636884,0,0.976145038,0,0,0,0.914634146,0.333333333,0.972222222,0.946124764,0.988160291
-999,0.058823529,0.744677284,0.428571429,0.450657895,0.869883041,0.999054773,0,0,0,0,0,0.865853659,1,1,0.949905482,0.938069217
-999,0.941176471,0.120033529,0.80952381,0.483552632,0.885964912,0.998905527,0.985174558,0,0.970331588,0.998115154,0.998845266,0.902439024,1,1,0.957466919,0.942622951
166,0.764705882,0.866387259,1,0.960526316,0.869883041,0.998457788,0.986131038,0.960877863,0.97469459,0.997807627,0.998646173,0.865853659,0.333333333,0.722222222,0.962192817,0.966302368
64,0.176470588,0.838893546,0.904761905,0.671052632,0.894005848,0.998427939,0.988522238,0.971374046,0.978184991,0.997817547,0.998347535,0.914634146,0,0.888888889,0.950850662,0.973588342
174,0.882352941,0.576697402,1,0.276315789,0.877192982,0.998557286,0.984218077,0.966603053,0.97382199,0.998254038,0.998676037,0.890243902,1,0,0.965973535,0.966302368
25,0.705882353,0.064375524,0.047619048,0.470394737,0.871345029,0.998417989,0.985652798,0,0,0,0,0.87804878,0,0.75,0.948960302,0.989981785
-999,0,0.042749371,0.142857143,0.381578947,0.923976608,0.998855778,0.984696318,0.96851145,0.965095986,0.998432602,0.99872581,0.93902439,1,1,0,0
47,0.176470588,0.2620285,0.380952381,0.476973684,0.907894737,0.998547336,0.987087518,0.97519084,0.965095986,0.998224277,0.998735765,0.902439024,0,0.666666667,0.946124764,0.989981785
-999,0.117647059,0.143503772,0.666666667,0.398026316,0.902046784,0.998607034,0.986131038,0.969465649,0.97382199,0.998214357,0.998666083,0.926829268,1,1,0,0
-999,0.647058824,0.548868399,0.571428571,0.259868421,0.956140351,0.999472663,0.972262076,0,0.945026178,0.999156779,0.999561997,0.93902439,1,1,0.962192817,0.945355191
-999,0.823529412,0.741324392,0.666666667,0.605263158,0.91374269,0.99880603,0.983739837,0.970419847,0.969458988,0.998065553,0.998676037,0.914634146,1,1,0,0
235,0.058823529,0.207879296,0.666666667,0.013157895,0.902777778,0.998666733,0.990913439,0.974236641,0.967713787,0,0.998825356,0.890243902,0,0.833333333,0.964083176,0.940801457
56,0.235294118,0.118021794,0.80952381,0.4375,0.898391813,0.998766231,0.984218077,0,0.972076789,0.998105234,0.998994585,0.914634146,0.333333333,0.305555556,0.946124764,0.994535519
158,0.705882353,0.109807209,0.714285714,0.769736842,0.967105263,0.99917417,0.984696318,0.974236641,0.969458988,0,0,0.93902439,0.333333333,0.666666667,0.964083176,0.946265938
-999,0.117647059,0.03906119,0.857142857,0.782894737,0.882309942,0.998358291,0.987087518,0.970419847,0.970331588,0.99835324,0,0.829268293,1,1,0.95463138,0.966302368
121,0.117647059,0.733612741,0.904761905,0.648026316,0.888157895,0.998587135,0.993782879,0.966603053,0.979057592,0.997767946,0.9985964,0.902439024,0,0.111111111,0.964083176,0.942622951
-999,0.411764706,0.567309304,0.428571429,0.894736842,0.874269006,0.998736381,0,0,0,0,0,0.865853659,1,1,0.946124764,0.954462659
49,0.470588235,0.586420788,0.238095238,0.190789474,0.948830409,0.99877618,0.988522238,0.98759542,0.970331588,0.998402841,0.998974675,0.926829268,0,0.777777778,0.950850662,0.988160291
-999,0.529411765,0.126404023,0.380952381,0.924342105,0.903508772,0.998965226,0.984696318,0.971374046,0.972076789,0.998184596,0.998835311,0.890243902,1,1,0,0
59,0.764705882,0.895892707,0.142857143,0.917763158,0.941520468,0.99878613,0.984218077,0.97519084,0.983420593,0.998432602,0.999064267,0.963414634,0,0.416666667,0.9536862,0.97723133
-999,0.235294118,0.075440067,0.238095238,0.924342105,0.938596491,0.999014974,0,0.976145038,0,0,0,0.926829268,1,1,0,0
155,1,0.466554904,0.714285714,0.963815789,0.957602339,0.99920402,0.984218077,0.979007634,0.964223386,0.998740129,0.99911404,0.926829268,0.333333333,0.805555556,0.9536862,0.966302368
144,0.411764706,0.867225482,0.904761905,0.338815789,0.890350877,0.998696582,0.986609278,0.976145038,0.967713787,0.99752986,0.998347535,0.865853659,0,0.333333333,0.950850662,0.969945355
101,0.882352941,0.989606035,0.714285714,0.960526316,0.958333333,0,0,0.983778626,0,0,0,0.93902439,0.333333333,0.583333333,0.95557656,0.969945355
-999,0.058823529,0.955406538,0.428571429,0.088815789,0.877192982,0.999005025,0,0,0,0,0,0.914634146,1,1,0.948015123,0.942622951
187,0.352941176,0.866219614,0.571428571,0.184210526,0.949561404,0.998985125,0.988043998,0.978053435,0.969458988,0.998640927,0.999153858,0.914634146,0.333333333,0.333333333,0.951795841,0.961748634
-999,0,0.646940486,0.333333333,0.684210526,0.910087719,0.998636884,0.986131038,0.979961832,0.97382199,0.998422682,0.998626264,0.87804878,1,1,0,0
29,0.058823529,0.674266555,0.047619048,0.476973684,0.875,0.998477688,0.989956958,0.97519084,0.980802792,0.99792667,0.998407263,0.890243902,0,0.361111111,0.948960302,0.991803279
57,0.235294118,0.154065381,0.80952381,0.476973684,0.898391813,0.998875678,0.979913917,0,0.964223386,0.998144915,0.998845266,0.914634146,0.333333333,0.527777778,0.947069943,0.991803279
203,1,0.677451802,1,0.328947368,0.861842105,0.998437889,0.987087518,0,0.978184991,0.997738185,0.998586446,0.853658537,0.333333333,0.083333333,0.966918715,0.967213115
28,0.117647059,0.657837385,0.952380952,0.894736842,0.921052632,0.998756281,0.990913439,0.97519084,0.97469459,0.998214357,0.999263359,0.951219512,0.333333333,0.388888889,0.946124764,0.990892532
-999,0.235294118,0.830678961,1,0.315789474,0.866959064,0.998487637,0.981826877,0.969465649,0.97469459,0.997886989,0.998606355,0.853658537,1,1,0,0
-999,0.882352941,0.370494552,1,0.960526316,0.886695906,0.99837819,0.990913439,0.972328244,0.982547993,0.998293719,0.9985964,0.890243902,1,1,0,0
93,0,0.60217938,0.666666667,0.292763158,0.89619883,0.998607034,0,0.979961832,0,0,0,0.902439024,0,0.416666667,0.949905482,0.974499089
-999,0.941176471,0.568315172,1,0.914473684,0.881578947,0.998527436,0.986131038,0.96851145,0.982547993,0,0,0.87804878,1,1,0.963137996,0.969034608
-999,0.588235294,0.011567477,0.857142857,0.746710526,0.877923977,0.998517487,0,0,0,0,0,0.853658537,1,1,0,0
1,0,0.341324392,0.80952381,0.506578947,0.891812865,0.998855778,0,0,0,0,0,0.93902439,0.333333333,0.777777778,0.946124764,0.999089253
120,0.470588235,0.442749371,0.380952381,0.565789474,0.906432749,0.998557286,0.990913439,0.97519084,0.979930192,0.998313559,0.998815402,0.890243902,0,0.194444444,0.948960302,0.969034608
13,0.764705882,0.388432523,0.666666667,0.825657895,0.903508772,0.998477688,0.990435198,0.976145038,0.987783595,0.997986191,0.998815402,0.890243902,0,0,0.946124764,0.993624772
-999,0.647058824,0.071751886,0.857142857,0.819078947,0.86622807,0.998527436,0.989956958,0,0.971204188,0.997877068,0.9985964,0.817073171,1,1,0,0
215,0.764705882,0.094719195,0.80952381,0.470394737,0.886695906,0,0,0,0,0,0,0.926829268,0.333333333,0.277777778,0.951795841,0.972677596
129,0.647058824,0.425649623,0.666666667,0.476973684,0.905701754,0.998607034,0.988522238,0.972328244,0.976439791,0.998085393,0.998646173,0.902439024,0,0.305555556,0.958412098,0.964480874
156,0.941176471,0.577870914,0.619047619,0.746710526,0.956140351,0.999293567,0.986131038,0,0.965968586,0.999107178,0.999094131,0.914634146,0.333333333,0.944444444,0.948960302,0.970856102
159,0.411764706,0.633528919,0.952380952,0.447368421,0.924707602,0.998895577,0.983261597,0.977099237,0.965968586,0.998105234,0.99872581,0.951219512,0.333333333,0.583333333,0.951795841,0.963570128
38,0.941176471,0.989438391,0.19047619,0.677631579,0.924707602,0,0.988043998,0.972328244,0.976439791,0,0,0.93902439,0,0.111111111,0.948015123,0.989071038
85,0.235294118,0.212573345,0.952380952,0.118421053,0.915935673,0.998547336,0.981826877,0.979007634,0.971204188,0.998045712,0.998755674,0.914634146,0.333333333,0.916666667,0.949905482,0.974499089
-999,1,0.896563286,1,0.845394737,0.885964912,0.998497587,0.993782879,0.967557252,0.986910995,0.997886989,0.998705901,0.902439024,1,1,0.994328922,0.93715847
195,0.352941176,0.055322716,1,0.134868421,0.86622807,0.998517487,0.987565758,0.965648855,0.963350785,0.99795643,0.998626264,0.853658537,0.333333333,0.75,0.967863894,0.955373406
163,0.647058824,0.835875943,0.142857143,0.700657895,0.926900585,0.998706532,0.986609278,0.977099237,0.97556719,0.998224277,0.998914948,0.926829268,0,0.222222222,0.960302457,0.953551913
-999,0.235294118,0.041911148,0.761904762,0.118421053,0.877923977,0.998895577,0,0,0,0,0,0.87804878,1,1,0,0
-999,0.823529412,0.452137469,0.857142857,0.963815789,0.90497076,0.998587135,0.984218077,0.970419847,0.966841187,0.997906829,0.998755674,0.865853659,1,1,0,0
-999,0.058823529,0.128248114,0.80952381,0.924342105,0.894736842,0.998666733,0.987087518,0,0.970331588,0.99794651,0.998526718,0.87804878,1,1,0.958412098,0.958105647
110,0.235294118,0.863704946,0.571428571,0.907894737,0.964181287,0.999333366,0.976087996,0.980916031,0.958987784,0.998710369,0.999333041,0.926829268,0.333333333,0.527777778,0.959357278,0.945355191
-999,0.176470588,0.264375524,0.238095238,0.648026316,0.938596491,0.999054773,0.986609278,0.973282443,0.97469459,0.998442522,0.998875129,0.902439024,1,1,0.965028355,0.942622951
100,0.470588235,0.932774518,1,0.470394737,0.855994152,0.998268743,0.991869919,0.966603053,0.97556719,0,0,0.853658537,0.333333333,0.194444444,0.969754253,0.9571949
125,1,0.143839061,0.047619048,0.118421053,0.873538012,0.998537386,0.988043998,0,0.984293194,0.997966351,0.998546627,0.87804878,0,0.555555556,0.964083176,0.969945355
-999,0.764705882,0.875440067,0.857142857,0.391447368,0.869152047,0.998467738,0.989956958,0.970419847,0.977312391,0.997837387,0.998626264,0.817073171,1,1,0.972589792,0.940801457
23,0.882352941,0.9627829,0.714285714,0.019736842,0.965643275,0.999005025,0.983739837,0.973282443,0.961605585,0.999305583,0.999313132,0.93902439,0.333333333,0.333333333,0.949905482,0.986338798
31,0.352941176,0.486001676,0.666666667,0.819078947,0.916666667,0.998607034,0.988522238,0.978053435,0.97469459,0.997966351,0.9985964,0.902439024,0,0.361111111,0.946124764,0.994535519
137,0.882352941,0.361106454,0.952380952,0.398026316,0.915204678,0.998616984,0.990435198,0.974236641,0.977312391,0.998134995,0.998556582,0.926829268,0.333333333,0.694444444,0.952741021,0.968123862
-999,0.705882353,0.6248114,0.571428571,0.588815789,0.971491228,0.999532362,0.973696796,0.981870229,0.948516579,0,0,0.926829268,1,1,0.956521739,0.955373406
-999,0.176470588,0.563453479,0.666666667,0.013157895,0.894736842,0.998507537,0.988522238,0.967557252,0.979057592,0.998194516,0.998865175,0.902439024,1,1,0.959357278,0.958105647
-999,0.882352941,0.726404023,0.047619048,0.631578947,0.869152047,0.998636884,0.988522238,0.961832061,0.979057592,0.99792667,0.998526718,0.865853659,1,1,0.971644612,0.950819672
-999,1,0.126739313,0.952380952,0.161184211,0.910818713,0.998686633,0.989956958,0.971374046,0.979057592,0.998333399,0.998875129,0.926829268,1,1,0,0
-999,0.647058824,0.313830679,0.047619048,0.963815789,0.872076023,0.998577185,0,0,0.976439791,0,0,0.865853659,1,1,0,0
-999,0.705882353,0.520201174,0.047619048,0.0625,0.86622807,0.998288642,0.989956958,0.971374046,0.979057592,0.998224277,0.998695946,0.841463415,1,1,0.965028355,0.961748634
-999,0.823529412,0.240905281,0.047619048,0.789473684,0.865497076,0.99839809,0.989000478,0.967557252,0.979057592,0,0,0.853658537,1,1,0.966918715,0.962659381
-999,0.823529412,0.777870914,0.904761905,0.921052632,0.887426901,0.998587135,0.985652798,0,0.978184991,0,0,0.902439024,1,1,0.961247637,0.956284153
-999,0.764705882,0.185917854,0.238095238,0.345394737,0.950292398,0,0,0.97519084,0,0,0,0.902439024,1,1,0.965028355,0.942622951
109,0.941176471,0.507627829,0.619047619,0.171052632,0.964912281,0.99919407,0.984218077,0.985687023,0.965095986,0.998998056,0.999313132,0.926829268,0.333333333,0.444444444,0.9536862,0.955373406
122,0.764705882,0.747359598,0.571428571,0.746710526,0.963450292,0.999303517,0.986131038,0.979961832,0.967713787,0.998680608,0.999004539,0.926829268,0.333333333,0.055555556,0.948960302,0.972677596
-999,0.764705882,0.169823973,0.857142857,0.657894737,0.889619883,0.998537386,0.990913439,0.97519084,0.985165794,0,0,0.87804878,0.333333333,1,0,0
103,0.117647059,0.095389774,1,0.516447368,0.885964912,0.998417989,0.993304639,0,0.983420593,0.997976271,0.998775583,0.902439024,0.333333333,0.666666667,0.965973535,0.958105647
-999,0.647058824,0.995305951,0.333333333,0.779605263,0.893274854,0.998557286,0.994739359,0.977099237,0.977312391,0.998055633,0.998586446,0.865853659,1,1,0.962192817,0.948087432
-999,0.941176471,0.172841576,1,0.638157895,0.86622807,0.998527436,0.993782879,0.959923664,0,0,0,0.841463415,1,1,0,0
-999,0.941176471,0.949538977,0.047619048,0.638157895,0.871345029,0.998358291,0.989478718,0.965648855,0.97556719,0.997916749,0.998705901,0.865853659,1,1,0,0
-999,0.235294118,0.982564962,0.714285714,0.746710526,0.947368421,0.99918412,0.974175036,0.974236641,0,0,0,0.93902439,1,1,0,0
250,0,0.09706622,0.80952381,0.184210526,0.899122807,0.998935376,0.987565758,0,0.972076789,0.997867148,0.998556582,0.902439024,0.333333333,0.25,0.957466919,0.952641166
-999,0.882352941,0.247108131,0.904761905,0.391447368,0.882309942,0.998348341,0.987565758,0.971374046,0.970331588,0,0,0.865853659,1,1,0.964083176,0.9571949
-999,0.941176471,0.194803018,0.619047619,0.039473684,0.949561404,0,0,0.972328244,0,0,0,0.93902439,1,1,0,0
-999,0.705882353,0.621290863,0.761904762,0.733552632,0.883040936,0.998935376,0,0,0,0,0,0.926829268,1,1,0,0
57,0.294117647,0.765632858,0.142857143,0.904605263,0.92251462,0.998746331,0.986609278,0.976145038,0.965968586,0.998492123,0.998914948,0.926829268,0,0.055555556,0.948015123,0.989981785
124,0.882352941,0.770662196,0.619047619,0.930921053,0.965643275,0.999154271,0.985174558,0.984732824,0.965968586,0.998730209,0.999392769,0.926829268,0.333333333,0.833333333,0.95557656,0.962659381
-999,0.764705882,0.069907795,0.571428571,0.848684211,0.962719298,0.999303517,0.974653276,0.976145038,0.95113438,0.999047657,0.999442542,0.914634146,1,1,0.961247637,0.948087432
-999,0.352941176,0.489019279,0.80952381,0.506578947,0.890350877,0.998995075,0.987087518,0,0.964223386,0.998055633,0.998775583,0.914634146,1,1,0,0
145,0.529411765,0.883822297,0.047619048,0.118421053,0.862573099,0.99837819,0.994261119,0.964694656,0.983420593,0.997867148,0.998546627,0.841463415,0,0.777777778,0.961247637,0.965391621
178,0,0.672757754,0.714285714,0.723684211,0.945175439,0.999124422,0.981826877,0.979007634,0.965095986,0.998502044,0.998815402,0.963414634,0.333333333,0.666666667,0.965028355,0.947176685
94,0.647058824,0.951718357,1,0.805921053,0.891812865,0.998507537,0.994261119,0,0.977312391,0.99794651,0.998656128,0.87804878,0.333333333,0.305555556,0.959357278,0.971766849
-999,0.705882353,0.767644593,0.714285714,0.746710526,0.970760234,0.999373166,0.977522716,0.969465649,0.952006981,0.999325424,0.999561997,0.963414634,1,1,0.966918715,0.941712204
6,0.882352941,0.237887678,0.80952381,0.217105263,0.891812865,0.998766231,0.987565758,0,0.976439791,0.997976271,0.99885522,0.93902439,0.333333333,0.638888889,0.949905482,0.982695811
-999,0,0.719530595,0.952380952,0.503289474,0.915935673,0.99879608,0.984218077,0.971374046,0.964223386,0.998482203,0.998795493,0.926829268,1,1,0,0
147,0.764705882,0.529086337,0.571428571,0.394736842,0.956140351,0.999313467,0.981348637,0.973282443,0.960732984,0.999097258,0.999173768,0.914634146,0.333333333,0.138888889,0.95463138,0.954462659
-999,0.411764706,0.266219614,0.904761905,0.361842105,0.876461988,0.998457788,0.991391679,0.976145038,0.976439791,0,0.99872581,0.841463415,1,1,0.959357278,0.954462659
-999,0.647058824,0.621626153,0.904761905,0.470394737,0.877923977,0.998577185,0.987565758,0.964694656,0.965968586,0.998154835,0.99885522,0.890243902,1,1,0.967863894,0.951730419
153,0.647058824,0.613914501,0.666666667,0.605263158,0.916666667,0.998726432,0.988043998,0.979007634,0.976439791,0.998075473,0.998695946,0.914634146,0,0.777777778,0.956521739,0.969034608
210,0.764705882,0.561441744,0.714285714,0.513157895,0.972222222,0.999502512,0.977522716,0,0.957242583,0.999156779,0.99950227,0.93902439,0.333333333,0.833333333,0.959357278,0.949908925
-999,0.823529412,0.659346186,0.952380952,0.648026316,0.910818713,0.998766231,0.987087518,0,0.97382199,0.998254038,0.998954766,0.914634146,1,1,0.959357278,0.943533698
236,0.529411765,0.676613579,1,0.940789474,0.872076023,0.998467738,0.988522238,0.959923664,0.978184991,0.997629062,0.998775583,0.914634146,0.333333333,0.138888889,0.968809074,0.955373406
67,0.823529412,0.155574183,0.142857143,0.470394737,0.935672515,0.998875678,0.983261597,0,0.972949389,0,0,0.951219512,0,0.194444444,0.957466919,0.963570128
-999,0.823529412,0.752891869,0.285714286,0.651315789,0.915204678,0.998726432,0.991869919,0.979007634,0.977312391,0,0,0.890243902,0,1,0,0
15,0.352941176,0.456999162,0.142857143,0.782894737,0.927631579,0.998666733,0.984696318,0.971374046,0.972076789,0.998154835,0.99911404,0.93902439,0,0.638888889,0.946124764,0.995446266
21,0.470588235,0.156412406,0.142857143,0.815789474,0.924707602,0.998726432,0.989000478,0.974236641,0.976439791,0.998045712,0.998825356,0.93902439,0,0.583333333,0.946124764,0.995446266
249,0.058823529,0.086001676,0.952380952,0.657894737,0.921052632,0.998696582,0.985652798,0.96851145,0.970331588,0.998025872,0.998695946,0.93902439,0.333333333,0.805555556,0.95463138,0.95992714
148,0.411764706,0.286839899,1,0.832236842,0.872076023,0.99838814,0.989956958,0.965648855,0.97469459,0.997758025,0.9985964,0.87804878,0.333333333,0.694444444,0.968809074,0.951730419
36,0.058823529,0.075104778,0.380952381,0.555921053,0.906432749,0.998706532,0.988522238,0.977099237,0.969458988,0.998194516,0.998387354,0.902439024,0,0.888888889,0.947069943,0.989071038
-999,0.294117647,0.727409891,0.380952381,0.039473684,0.899122807,0.998955276,0,0.967557252,0.97382199,0,0,0.87804878,1,1,0,0
32,0.470588235,0.267057837,0.857142857,0.924342105,0.880847953,0.998338391,0.994739359,0,0.986910995,0.998065553,0.998566537,0.853658537,0.333333333,0.638888889,0.947069943,0.986338798
98,0,0.8620285,0.142857143,0.700657895,0.916666667,0.998736381,0.987087518,0,0.971204188,0.99792667,0.998676037,0.914634146,0,0.777777778,0.95463138,0.976320583
132,0.058823529,0.169656329,0.142857143,0.921052632,0.934210526,0.998935376,0,0,0,0,0,0.963414634,0,0.222222222,0.950850662,0.989981785
-999,0.647058824,0.500922045,0.333333333,0.315789474,0.910818713,0.998975175,0.985652798,0.981870229,0.967713787,0.998214357,0.998775583,0.87804878,0.333333333,1,0.948015123,0.938069217
30,0,0.598323554,0.857142857,0.924342105,0.89619883,0.998338391,0.991869919,0,0.976439791,0,0,0.87804878,0.333333333,0.277777778,0.946124764,0.993624772
-999,0.294117647,0.734953898,0.80952381,0.128289474,0.890350877,0.998815979,0.984696318,0,0.964223386,0.998402841,0.998885084,0.890243902,1,1,0,0
164,1,0.43285834,0.095238095,0.351973684,0.880116959,0.998537386,0.989000478,0.969465649,0.978184991,0.998194516,0.99885522,0.902439024,0,0.25,0.948960302,0.976320583
251,0.117647059,0.258843252,1,0.184210526,0.870614035,0.998527436,0.988043998,0,0.972949389,0.997857228,0.998646173,0.853658537,0.333333333,0.333333333,0.975425331,0.946265938
-999,0.176470588,0.961609388,0.857142857,0.470394737,0.899122807,0.998706532,0.985174558,0.96851145,0.965095986,0,0.999004539,0.841463415,1,1,0.960302457,0.953551913
166,0.294117647,0.705783738,0.904761905,0.171052632,0.886695906,0.998527436,0.991391679,0.969465649,0.97382199,0.998115154,0.998865175,0.902439024,0,0.222222222,0.9536862,0.964480874
186,0.764705882,0.18541492,0.904761905,0.924342105,0.882309942,0.998497587,0.988043998,0.96851145,0.978184991,0.997827467,0.998516764,0.87804878,0,0.055555556,0.967863894,0.943533698
142,0.941176471,0.056160939,1,0.417763158,0.893274854,0.998557286,0.989956958,0.974236641,0.982547993,0.998303639,0.998994585,0.926829268,0.333333333,0.944444444,0.957466919,0.976320583
47,0.058823529,0.71751886,0.428571429,0.648026316,0.863304094,0.998676683,0,0,0,0,0,0.853658537,0.666666667,0.666666667,0.945179584,0.973588342
51,0.588235294,0.34015088,0.238095238,0.398026316,0.960526316,0.998935376,0,0.976145038,0,0,0,0.914634146,0,0.138888889,0.952741021,0.972677596
-999,0,0.830008382,0.380952381,0.217105263,0.913011696,0.998756281,0.991391679,0.986641221,0.97469459,0.998164755,0.998636219,0.914634146,1,1,0,0
28,1,0.767476949,0.19047619,0.328947368,0.926169591,0,0.989478718,0.97519084,0,0.99795643,0.998775583,0.93902439,0,0.611111111,0.952741021,0.979052823
-999,0.941176471,0.310645432,0.952380952,0.832236842,0.921052632,0.998875678,0.989000478,0,0.97556719,0,0,0.926829268,1,1,0,0
-999,0.588235294,0.394635373,0.857142857,0.516447368,0.872076023,0.99838814,0.988522238,0.972328244,0.97469459,0.998045712,0.998576491,0.829268293,1,1,0,0
244,0.470588235,0.53176865,1,0.963815789,0.882309942,0.998587135,0.989000478,0.966603053,0.97556719,0.997817547,0.998576491,0.87804878,0.333333333,0.666666667,0.980151229,0.941712204
-999,0.647058824,0.829337804,0.142857143,0.871710526,0.915935673,0.998925427,0,0.97519084,0,0,0,0.926829268,1,1,0.970699433,0.941712204
26,0.352941176,0.235205365,0.238095238,0.832236842,0.969298246,0.999144321,0.986131038,0.979007634,0.955497382,0.998849252,0.999313132,0.902439024,0,0,0.947069943,0.994535519
-999,0.470588235,0.485666387,0.904761905,0.440789474,0.878654971,0.998427939,0.990435198,0.969465649,0.976439791,0.997668743,0.998666083,0.865853659,0,1,0,0
163,0.705882353,0.943168483,1,0.118421053,0.867690058,0.99837819,0.992348159,0.963740458,0.979930192,0.997579461,0.998666083,0.890243902,0.333333333,0.305555556,0.974480151,0.953551913
49,0.882352941,0.077284158,0.285714286,0.819078947,0.913011696,0.998577185,0.993782879,0.97519084,0.988656195,0.997996111,0.998715856,0.914634146,0,0.361111111,0.947069943,0.978142077
-999,0.882352941,0.959430008,0.80952381,0.111842105,0.912280702,0.998547336,0.988522238,0,0.976439791,0.998065553,0.99872581,0.963414634,1,1,0.951795841,0.969945355
16,1,0.997988265,0.476190476,0.881578947,0.919590643,0.998626934,0.989000478,0.971374046,0.978184991,0,0.998805447,0.926829268,0,0,0.945179584,0.990892532
54,0.176470588,0.951383068,0.238095238,0.832236842,0.932748538,0.998766231,0.985174558,0.979007634,0.965968586,0.998075473,0.998566537,0.902439024,0,0.416666667,0.948015123,0.984517304
59,0.941176471,0.288181056,1,0.075657895,0.881578947,0.998338391,0.992348159,0.96851145,0.986038394,0.997638983,0.998875129,0.914634146,0.333333333,0.666666667,0.951795841,0.987249545
-999,0.470588235,0.710645432,0.857142857,0.565789474,0.880847953,0.998497587,0.989956958,0.973282443,0.969458988,0.998075473,0.998676037,0.829268293,1,1,0,0
-999,0.117647059,0.390276614,1,0.572368421,0.894005848,0.998457788,0.989000478,0,0.97556719,0.997767946,0.99861631,0.914634146,1,1,0,0
-999,0.941176471,0.068901928,1,0.648026316,0.882309942,0.998547336,0.985652798,0,0.97382199,0,0.998865175,0.890243902,1,1,0.965028355,0.966302368
-999,0,0.860854987,0.857142857,0.013157895,0.871345029,0.998686633,0.988043998,0.967557252,0.971204188,0.997986191,0.9985964,0.817073171,1,1,0,0
-999,1,0.59195306,0.952380952,0.506578947,0.913011696,0,0.988043998,0,0.972949389,0,0,0.914634146,1,1,0.9536862,0.953551913
-999,1,0.774015088,0.761904762,0.292763158,0.92251462,0,0,0.966603053,0,0,0,0.865853659,1,1,0,0
22,0.411764706,0.047611065,0.714285714,0.092105263,0.957602339,0.999164221,0.983739837,0.979961832,0.963350785,0.998224277,0.998845266,0.963414634,0.333333333,0.361111111,0.946124764,0.995446266
-999,0.058823529,0.673260687,0.047619048,0.476973684,0.862573099,0.998547336,0.989000478,0.964694656,0.97382199,0.998015952,0.998337581,0.865853659,1,1,0,0
192,0,0.306621961,0.047619048,0.184210526,0.858187135,0.998447838,0.992826399,0.965648855,0.979057592,0.997678664,0.998347535,0.841463415,0,0.722222222,0.962192817,0.965391621
97,0,0.796479464,0.142857143,0.0625,0.915935673,0.998607034,0.988043998,0.96851145,0.976439791,0.998452442,0.998904993,0.902439024,0,0.638888889,0.959357278,0.955373406
-999,0.470588235,0.244258173,1,0.013157895,0.864766082,0.998477688,0.988043998,0.963740458,0.97382199,0,0,0.87804878,1,1,0,0
-999,0.294117647,0.476613579,1,0.088815789,0.876461988,0.998427939,0.987565758,0,0.972076789,0.997877068,0.998705901,0.87804878,1,1,0,0
-999,0.529411765,0.808549874,0.857142857,0.276315789,0.869152047,0.998756281,0.988043998,0.967557252,0.971204188,0.99794651,0.998695946,0.804878049,1,1,0,0
-999,0.411764706,0.398826488,0.238095238,0.638157895,0.963450292,0.999164221,0.982783357,0.982824427,0.957242583,0,0.999223541,0.890243902,1,1,0.958412098,0.962659381
91,0.882352941,0.946018441,0.714285714,0.759868421,0.956140351,0.999074673,0.987565758,0.96851145,0.971204188,0.998581405,0.999143904,0.951219512,0.333333333,0.472222222,0,0
40,0.470588235,0.036546521,0.571428571,0.496710526,0.957602339,0.999283618,0.985652798,0.979961832,0.965095986,0.998918694,0.999313132,0.926829268,0.333333333,0.111111111,0.948015123,0.989071038
-999,1,0.443587594,0.80952381,0.282894737,0.901315789,0,0,0,0,0,0,0.902439024,1,1,0.952741021,0.95992714
136,0.352941176,0.5875943,0.904761905,0.506578947,0.875,0.998686633,0.985652798,0.96851145,0.972949389,0.997857228,0.998775583,0.87804878,0,0.416666667,0.956521739,0.960837887
-999,0.764705882,0.365968148,1,0.940789474,0.868421053,0.998517487,0.983739837,0.963740458,0.97382199,0.997986191,0.998646173,0.865853659,1,1,0.990548204,0.943533698
205,0.705882353,0.390611903,0.047619048,0.717105263,0.863304094,0.998607034,0.989478718,0.958969466,0.97469459,0.998412761,0.998875129,0.87804878,0,0,0.960302457,0.970856102
-999,0.882352941,0.144844929,0.285714286,0.993421053,0.915935673,0.998746331,0.989000478,0,0.97556719,0.998412761,0.99885522,0.93902439,1,1,0.964083176,0.956284153
39,0.235294118,0.167979883,0.571428571,0.901315789,0.960526316,0.999114472,0.979913917,0.979961832,0.965968586,0.998978215,0.999581907,0.93902439,0.333333333,0.805555556,0.946124764,0.983606557
202,0.705882353,0.053310981,0.238095238,0.677631579,0.932748538,0.998766231,0.984696318,0.979961832,0.966841187,0.998601246,0.998835311,0.926829268,0,0.277777778,0.957466919,0.964480874
-999,0,0.507963118,1,0.700657895,0.874269006,0.998557286,0.986609278,0,0.970331588,0.997877068,0.998526718,0.914634146,1,1,0,0
-999,0.294117647,0.060519698,0.857142857,0.832236842,0.895467836,0.998646833,0,0.97519084,0,0,0,0.890243902,1,1,0.958412098,0.958105647
180,1,0.893545683,0.904761905,0.901315789,0,0.998607034,0,0,0,0,0,0,0,0.805555556,0.963137996,0.951730419
-999,1,0.547359598,0.476190476,0.013157895,0,0,0,0,0,0,0,0,1,1,0,0
-999,0.411764706,0.191114837,1,0,0.870614035,0.998268743,0.993782879,0.96851145,0.986038394,0,0,0.87804878,0.333333333,1,0,0
56,0.882352941,0.699077955,1,0.282894737,0.866959064,0.998288642,0.990435198,0.969465649,0.97556719,0,0,0.853658537,0.333333333,0.416666667,0.95557656,0.980874317
23,0.235294118,0.790276614,0.857142857,0.345394737,0.894736842,0.99836824,0.987565758,0.978053435,0.97382199,0,0.998626264,0.853658537,0.333333333,0.75,0.946124764,0.99726776
-999,1,0.065716681,0.857142857,0.391447368,0.887426901,0.998467738,0.988043998,0.976145038,0.976439791,0.998224277,0.999064267,0.890243902,1,1,0,0
-999,0.823529412,0.858675608,0.761904762,0.848684211,0.884502924,0,0,0,0,0,0,0.914634146,1,1,0,0
192,0.647058824,0.245934619,0.238095238,0.046052632,0.948099415,0.998955276,0.985174558,0.978053435,0.965095986,0.998968295,0,0.890243902,0,0.777777778,0.95463138,0.962659381
226,0.470588235,0.263369656,0,0.476973684,0.948099415,0.999134371,0,0.992366412,0,0,0,0.890243902,0.333333333,0.777777778,0.948015123,0.967213115
240,0.647058824,0.205867561,0.714285714,0.769736842,0.967105263,0.999293567,0,0.979961832,0,0,0,0.963414634,0.333333333,0.277777778,0.956521739,0.971766849
154,0.882352941,0.530595138,0.857142857,0.243421053,0.882309942,0.998427939,0.984218077,0.973282443,0.972949389,0.99834332,0.999074222,0.865853659,0.333333333,0.111111111,0.967863894,0.950819672
100,0.941176471,0.895557418,0.904761905,0.171052632,0.89619883,0.99836824,0.988522238,0.972328244,0.979930192,0,0,0.902439024,0,0.444444444,0.9536862,0.965391621
72,0.411764706,0.681139983,0.380952381,0.345394737,0.913011696,0.99837819,0.989956958,0.97519084,0.979930192,0.998015952,0.99872581,0.926829268,0,0.611111111,0.948015123,0.983606557
2,0.352941176,0.736965633,0.238095238,0.555921053,0.954678363,0.998985125,0.989478718,0.983778626,0.963350785,0.998184596,0.998885084,0.926829268,0,0.277777778,0.946124764,0.998178506
165,0.588235294,0.828164292,0.238095238,0.052631579,0.976608187,0.999422914,0.980392157,0.983778626,0.948516579,0.998859172,0.999044358,0.890243902,0,0.777777778,0.965973535,0.948087432
69,0,0.378038558,0.666666667,0.700657895,0.897660819,0.998607034,0,0,0,0,0,0.890243902,0,0.361111111,0.95463138,0.964480874
56,0.411764706,0.858843252,0.857142857,0.118421053,0.88377193,0.998447838,0.988043998,0.982824427,0.972076789,0.99792667,0.99872581,0.853658537,0.333333333,0.583333333,0.952741021,0.976320583
142,0.764705882,0.147694887,0.238095238,0.171052632,0.956140351,0,0,0.977099237,0,0,0,0.914634146,0,0.333333333,0.951795841,0.975409836
-999,0.235294118,0.646102263,0.142857143,0.032894737,0.92251462,0.99879608,0.986609278,0,0.977312391,0.998303639,0,0.926829268,1,1,0,0
-999,0.235294118,0.013746857,1,0.657894737,0.893274854,0.998696582,0,0.966603053,0,0,0,0.914634146,1,1,0,0
227,0,0.017267393,0.571428571,0.648026316,0.970760234,0.999472663,0.980392157,0,0.960732984,0.998869092,0.999183722,0.93902439,0.333333333,0.722222222,0.952741021,0.962659381
195,0.058823529,0.211399832,1,0.894736842,0.873538012,0.998417989,0.989956958,0,0,0,0,0.890243902,0.333333333,0.305555556,0.959357278,0.972677596
39,1,0.910813076,0.619047619,0.654605263,0.961988304,0.998965226,0.986609278,0.98759542,0.964223386,0.998690528,0.999104085,0.93902439,0.333333333,0.138888889,0.948015123,0.990892532
-999,0.529411765,0.04744342,0.428571429,0.381578947,0.861842105,0.998716482,0,0,0,0,0,0.853658537,1,1,0,0
121,0.823529412,0.896898575,0.047619048,0.947368421,0.861842105,0.998457788,0.987087518,0.969465649,0.97469459,0.998006032,0.99872581,0.87804878,0,0.083333333,0.962192817,0.967213115
139,0.058823529,0.263202012,0.142857143,0.375,0.921783626,0.998537386,0.988043998,0.96851145,0.976439791,0.998085393,0.998516764,0.914634146,0,0.194444444,0.965028355,0.949908925
-999,0.470588235,0.299245599,0.571428571,0.713815789,0.951754386,0.998935376,0.986609278,0.979961832,0,0,0,0.93902439,1,1,0.963137996,0.944444444
179,0.764705882,0.890192791,0.857142857,0.588815789,0.873538012,0.998328441,0.987565758,0.969465649,0.977312391,0,0,0.841463415,0.333333333,0,0.958412098,0.963570128
-999,0.705882353,0.538642079,0.857142857,0.345394737,0.875,0.998437889,0.988522238,0.973282443,0.976439791,0,0,0.841463415,1,1,0.95463138,0.963570128
149,0.705882353,0.765968148,0.857142857,0.894736842,0.882309942,0.998497587,0.986131038,0.971374046,0.979930192,0,0,0.853658537,0.333333333,0.638888889,0.951795841,0.971766849
2,1,0.995138307,0.80952381,0.069078947,0.886695906,0,0,0,0,0,0,0.902439024,0.333333333,0.666666667,0.946124764,0.994535519
-999,0.058823529,0.662866723,0.380952381,0.769736842,0.907894737,0.998577185,0.988043998,0.971374046,0.977312391,0.998134995,0.998765629,0.902439024,1,1,0.95463138,0.959016393
-999,0.764705882,0.065213747,0.047619048,0.657894737,0.868421053,0.998477688,0.988522238,0.971374046,0.976439791,0,0,0.87804878,1,1,0.967863894,0.954462659
162,0.823529412,0.527242246,1,0.894736842,0.878654971,0.998457788,0.988522238,0.960877863,0.969458988,0,0.998636219,0.890243902,0.333333333,0.055555556,0.959357278,0.970856102
241,0.705882353,0.162112322,1,0.171052632,0.883040936,0.998408039,0.989478718,0.964694656,0.978184991,0.99793659,0.998904993,0.902439024,0.333333333,0.666666667,0.956521739,0.971766849
40,0.764705882,0.215255658,1,0.648026316,0.873538012,0.998268743,0.990913439,0.970419847,0.97556719,0.998065553,0.998775583,0.865853659,0.333333333,0.111111111,0.948960302,0.988160291
21,1,0.612740989,0.19047619,0.476973684,0.921052632,0.998477688,0.989287422,0.98759542,0.97469459,0,0,0.902439024,0,0.361111111,0.945179584,0.991803279
